date	close
15.09.2016	64.7683
14.09.2016	65.1533
13.09.2016	65.2994
12.09.2016	64.5918
09.09.2016	64.8199
08.09.2016	63.9808
07.09.2016	64.1378
06.09.2016	64.5645
05.09.2016	65.0742
02.09.2016	65.0975
01.09.2016	65.9177
31.08.2016	65.3317
30.08.2016	65.2607
29.08.2016	64.7624
26.08.2016	64.8556
25.08.2016	64.6825
24.08.2016	65.1602
23.08.2016	64.5946
22.08.2016	64.8112
19.08.2016	63.906
18.08.2016	63.6637
17.08.2016	63.8325
16.08.2016	63.7823
15.08.2016	64.0429
12.08.2016	64.764
11.08.2016	64.3135
10.08.2016	64.87
09.08.2016	64.773
08.08.2016	64.6274
05.08.2016	65.5352
04.08.2016	65.7809
03.08.2016	66.2634
02.08.2016	66.6682
01.08.2016	66.9005
29.07.2016	66.0429
28.07.2016	66.6038
27.07.2016	65.9353
26.07.2016	65.9448
25.07.2016	65.4183
22.07.2016	64.8689
21.07.2016	64.3803
20.07.2016	63.7773
19.07.2016	63.5394
18.07.2016	62.8635
15.07.2016	63.5079
14.07.2016	62.8268
13.07.2016	63.8403
12.07.2016	63.8928
11.07.2016	64.1963
08.07.2016	63.9669
07.07.2016	64.5625
06.07.2016	64.2031
05.07.2016	64.3284
04.07.2016	63.9291
01.07.2016	63.804
30.06.2016	63.9731
29.06.2016	63.8232
28.06.2016	64.078
27.06.2016	65.4441
24.06.2016	65.2733
23.06.2016	63.83
22.06.2016	64.8807
21.06.2016	63.7824
20.06.2016	64.2835
17.06.2016	64.8461
16.06.2016	65.7658
15.06.2016	65.5585
14.06.2016	66.1385
10.06.2016	65.2705
09.06.2016	64.3363
08.06.2016	63.6131
07.06.2016	64.6133
06.06.2016	65.2693
03.06.2016	65.6149
02.06.2016	66.972
01.06.2016	67.1015
31.05.2016	66.6968
30.05.2016	65.7944
27.05.2016	66.1168
26.05.2016	65.8146
25.05.2016	65.4961
24.05.2016	66.1799
23.05.2016	66.826
20.05.2016	66.7833
19.05.2016	66.779
18.05.2016	65.9901
17.05.2016	64.7376
16.05.2016	64.8914
13.05.2016	65.4546
12.05.2016	64.8982
11.05.2016	64.9921
10.05.2016	66.2856
06.05.2016	65.947
05.05.2016	65.8616
04.05.2016	66.5318
29.04.2016	64.6542
28.04.2016	64.701
27.04.2016	65.1325
26.04.2016	65.1825
25.04.2016	66.5674
22.04.2016	66.4792
21.04.2016	66.8337
20.04.2016	65.1893
19.04.2016	65.8547
18.04.2016	66.0847
15.04.2016	66.405
14.04.2016	66.1361
13.04.2016	66.2975
12.04.2016	65.7183
11.04.2016	66.7928
08.04.2016	67.1262
07.04.2016	67.9942
06.04.2016	67.6066
05.04.2016	68.5667
04.04.2016	68.7464
01.04.2016	67.5855
31.03.2016	67.0288
30.03.2016	68.244
29.03.2016	68.0899
28.03.2016	68.5128
25.03.2016	68.447
24.03.2016	68.5601
23.03.2016	68.7234
22.03.2016	67.4914
21.03.2016	67.8348
18.03.2016	68.3703
17.03.2016	68.0758
16.03.2016	69.1734
15.03.2016	71.0474
14.03.2016	69.9772
11.03.2016	69.9192
10.03.2016	71.4291
09.03.2016	71.1102
07.03.2016	71.4779
04.03.2016	72.0326
03.03.2016	73.162
02.03.2016	73.0278
01.03.2016	73.3731
29.02.2016	75.1682
26.02.2016	76.1883
25.02.2016	75.3641
24.02.2016	75.7421
22.02.2016	75.3462
20.02.2016	77.0453
19.02.2016	76.9937
18.02.2016	76.4278
17.02.2016	75.04
16.02.2016	77.8876
15.02.2016	76.9807
12.02.2016	78.3558
11.02.2016	79.5917
10.02.2016	78.6429
09.02.2016	79.7087
08.02.2016	78.5509
05.02.2016	77.4872
04.02.2016	76.908
03.02.2016	76.8869
02.02.2016	79.7967
01.02.2016	77.2277
29.01.2016	75.5213
28.01.2016	76.3325
27.01.2016	78.05
26.01.2016	78.875
25.01.2016	80.0704
22.01.2016	78.1713
21.01.2016	82.397
20.01.2016	81.379
19.01.2016	78.816
18.01.2016	79.409
15.01.2016	77.765
14.01.2016	76.245
13.01.2016	76.631
12.01.2016	76.936
11.01.2016	76.375
08.01.2016	74.805
07.01.2016	75.1
06.01.2016	74.602
05.01.2016	73.385
04.01.2016	72.725
01.01.2016	73
31.12.2015	72.999
30.12.2015	73.249
29.12.2015	72.306
28.12.2015	72.34
25.12.2015	70.689
24.12.2015	70.231
23.12.2015	69.866
22.12.2015	71.253
21.12.2015	71.225
18.12.2015	71.022
17.12.2015	71.34
16.12.2015	70.297
15.12.2015	70.004
14.12.2015	70.475
11.12.2015	70.431
10.12.2015	68.21
09.12.2015	69.675
08.12.2015	69.5
07.12.2015	69.186
04.12.2015	68.045
03.12.2015	67.448
02.12.2015	67.465
01.12.2015	66.684
30.11.2015	66.35
27.11.2015	66.426
26.11.2015	65.857
25.11.2015	65.625
24.11.2015	65.495
23.11.2015	65.865
20.11.2015	64.672
19.11.2015	64.5
18.11.2015	64.86
17.11.2015	65.114
16.11.2015	65.328
13.11.2015	66.875
12.11.2015	66.66
11.11.2015	65.345
10.11.2015	64.45
09.11.2015	64.638
06.11.2015	64.336
05.11.2015	63.322
04.11.2015	63.201
03.11.2015	62.585
02.11.2015	63.665
30.10.2015	64.05
29.10.2015	64.371
28.10.2015	63.985
27.10.2015	65.435
26.10.2015	63.015
23.10.2015	62.19
22.10.2015	62.37
21.10.2015	62.528
20.10.2015	61.984
19.10.2015	62.474
16.10.2015	61.154
15.10.2015	61.442
14.10.2015	62.701
13.10.2015	63.081
12.10.2015	61.665
09.10.2015	61.809
08.10.2015	61.4
07.10.2015	61.853
06.10.2015	63.284
05.10.2015	64.484
02.10.2015	66.11
01.10.2015	65.528
30.09.2015	65.326
29.09.2015	66.22
28.09.2015	66.235
25.09.2015	65.5
24.09.2015	66.138
23.09.2015	66.575
22.09.2015	66.025
21.09.2015	66.079
18.09.2015	66.45
17.09.2015	65.45
16.09.2015	65.539
15.09.2015	66.821
14.09.2015	67.686
11.09.2015	67.825
10.09.2015	67.641
09.09.2015	68.462
08.09.2015	68.023
07.09.2015	69.116
04.09.2015	68.482
03.09.2015	66.46
02.09.2015	66.975
01.09.2015	66.155
31.08.2015	63.863
28.08.2015	65.206
27.08.2015	66.159
26.08.2015	68.946
25.08.2015	68.96
24.08.2015	70.894
21.08.2015	69.049
20.08.2015	67.87
19.08.2015	66.59
18.08.2015	65.822
17.08.2015	65.308
14.08.2015	64.878
13.08.2015	64.739
12.08.2015	64.48
11.08.2015	64.239
10.08.2015	63.025
07.08.2015	64.026
06.08.2015	63.96
05.08.2015	63.539
04.08.2015	62.826
03.08.2015	63.559
31.07.2015	61.746
30.07.2015	59.74
29.07.2015	58.514
28.07.2015	59.888
27.07.2015	60
24.07.2015	58.45
23.07.2015	57.709
22.07.2015	56.975
21.07.2015	56.948
20.07.2015	57.225
17.07.2015	56.941
16.07.2015	56.945
15.07.2015	56.885
14.07.2015	56.413
13.07.2015	56.55
10.07.2015	56.34
09.07.2015	57.165
08.07.2015	57.485
07.07.2015	56.744
06.07.2015	56.894
03.07.2015	55.94
02.07.2015	55.513
01.07.2015	55.82
30.06.2015	55.305
29.06.2015	55.72
26.06.2015	54.793
25.06.2015	54.7
24.06.2015	54.278
23.06.2015	53.822
22.06.2015	53.955
19.06.2015	54.005
18.06.2015	53.475
17.06.2015	53.65
16.06.2015	54.07
15.06.2015	54.505
12.06.2015	55.191
11.06.2015	54.803
10.06.2015	54.336
09.06.2015	55.667
08.06.2015	56
05.06.2015	56.215
04.06.2015	56.458
03.06.2015	54.305
02.06.2015	52.82
01.06.2015	53.5
29.05.2015	52.375
28.05.2015	52.58
27.05.2015	51.884
26.05.2015	50.84
25.05.2015	49.968
22.05.2015	49.99
21.05.2015	49.985
20.05.2015	49.706
19.05.2015	49.55
18.05.2015	49.222
15.05.2015	49.536
14.05.2015	50.025
13.05.2015	49.306
12.05.2015	49.974
11.05.2015	51.246
08.05.2015	51.093
07.05.2015	50.073
06.05.2015	50.5
05.05.2015	50.586
04.05.2015	52.111
01.05.2015	51.796
30.04.2015	51.585
29.04.2015	50.915
28.04.2015	51.575
27.04.2015	51.795
24.04.2015	50.916
23.04.2015	50.815
22.04.2015	52.185
21.04.2015	53.805
20.04.2015	53.34
17.04.2015	51.9
16.04.2015	49.805
15.04.2015	49.75
14.04.2015	50.902
13.04.2015	52.035
10.04.2015	53.605
09.04.2015	51.867
08.04.2015	53.642
07.04.2015	55.031
06.04.2015	55.375
03.04.2015	56.534
02.04.2015	56.3
01.04.2015	57.615
31.03.2015	58.21
30.03.2015	57.615
27.03.2015	58.038
26.03.2015	57.347
25.03.2015	57.458
24.03.2015	57.695
23.03.2015	58.785
20.03.2015	59.297
19.03.2015	60.162
18.03.2015	59.365
17.03.2015	61.52
16.03.2015	62.195
13.03.2015	62.248
12.03.2015	61.165
11.03.2015	61.625
10.03.2015	62.468
09.03.2015	60.789
06.03.2015	60.43
05.03.2015	60.858
04.03.2015	61.96
03.03.2015	61.892
02.03.2015	62.575
27.02.2015	61.705
26.02.2015	61.155
25.02.2015	61.37
24.02.2015	63.2
23.02.2015	63.8
20.02.2015	61.866
19.02.2015	61.905
18.02.2015	61.587
17.02.2015	62.51
16.02.2015	63.189
13.02.2015	63.505
12.02.2015	65.275
11.02.2015	65.255
10.02.2015	65.46
09.02.2015	65.865
06.02.2015	67.12
05.02.2015	66.553
04.02.2015	67.9
03.02.2015	65.225
02.02.2015	68.325
30.01.2015	69.234
29.01.2015	68.9
28.01.2015	68
27.01.2015	67.634
26.01.2015	68.53
23.01.2015	64.155
22.01.2015	64.183
21.01.2015	65.31
20.01.2015	65.245
19.01.2015	65.004
16.01.2015	65.125
15.01.2015	65.225
14.01.2015	64.35
13.01.2015	65.32
12.01.2015	63.2
09.01.2015	61.53
08.01.2015	59.875
07.01.2015	62.9
06.01.2015	63.165
05.01.2015	60.417
02.01.2015	58.75
01.01.2015	58.048
31.12.2014	58.048
30.12.2014	55.595
29.12.2014	59.121
26.12.2014	53.966
25.12.2014	53.1
24.12.2014	53.55
23.12.2014	54.57
22.12.2014	55.77
19.12.2014	58.255
18.12.2014	61.936
17.12.2014	60.197
16.12.2014	68.529
15.12.2014	65.949
12.12.2014	58.215
11.12.2014	56.434
10.12.2014	54.87
09.12.2014	54.072
08.12.2014	53.75
05.12.2014	52.63
04.12.2014	54.399
03.12.2014	53.486
02.12.2014	53.886
01.12.2014	51.2
28.11.2014	50.385
27.11.2014	48.644
26.11.2014	47.425
25.11.2014	46.315
24.11.2014	45.002
21.11.2014	45.705
20.11.2014	46.169
19.11.2014	46.866
18.11.2014	46.908
17.11.2014	47.12
14.11.2014	47.199
13.11.2014	46.708
12.11.2014	45.516
11.11.2014	46.375
10.11.2014	45.876
07.11.2014	46.686
06.11.2014	46.835
05.11.2014	44.902
04.11.2014	43.59
03.11.2014	43.6
31.10.2014	43.013
30.10.2014	41.586
29.10.2014	43.18
28.10.2014	42.441
27.10.2014	42.255
24.10.2014	41.913
23.10.2014	41.7
22.10.2014	41.38
21.10.2014	40.953
20.10.2014	41.047
17.10.2014	40.749
16.10.2014	40.877
15.10.2014	40.409
14.10.2014	40.929
13.10.2014	40.432
10.10.2014	40.367
09.10.2014	40.139
08.10.2014	39.975
07.10.2014	39.945
06.10.2014	39.727
03.10.2014	39.991
02.10.2014	39.562
01.10.2014	39.678
30.09.2014	39.604
29.09.2014	39.472
26.09.2014	39.142
25.09.2014	38.493
24.09.2014	38.175
23.09.2014	38.605
22.09.2014	38.665
19.09.2014	38.432
18.09.2014	38.454
17.09.2014	38.52
16.09.2014	38.328
15.09.2014	38.35
12.09.2014	37.8
11.09.2014	37.562
10.09.2014	37.302
09.09.2014	37.099
08.09.2014	37.061
05.09.2014	36.945
04.09.2014	36.985
03.09.2014	36.852
02.09.2014	37.456
01.09.2014	37.328
29.08.2014	37.057
28.08.2014	36.773
27.08.2014	36.183
26.08.2014	36.16
25.08.2014	36.131
22.08.2014	36.145
21.08.2014	36.014
20.08.2014	36.333
19.08.2014	36.17
18.08.2014	36.081
15.08.2014	36.115
14.08.2014	36.035
13.08.2014	35.997
12.08.2014	36.187
11.08.2014	35.907
08.08.2014	36.153
07.08.2014	36.33
06.08.2014	36.196
05.08.2014	36.107
04.08.2014	35.862
01.08.2014	35.759
31.07.2014	35.725
30.07.2014	35.575
29.07.2014	35.83
28.07.2014	35.555
25.07.2014	35.14
24.07.2014	35.087
23.07.2014	34.888
22.07.2014	35
21.07.2014	35.175
18.07.2014	35.175
17.07.2014	35.276
16.07.2014	34.583
15.07.2014	34.407
14.07.2014	34.333
11.07.2014	34.182
10.07.2014	34.056
09.07.2014	33.933
08.07.2014	34.222
07.07.2014	34.443
04.07.2014	34.399
03.07.2014	34.291
02.07.2014	34.275
01.07.2014	34.358
30.06.2014	33.988
27.06.2014	33.753
26.06.2014	33.717
25.06.2014	33.76
24.06.2014	33.818
23.06.2014	34.093
20.06.2014	34.458
19.06.2014	34.385
18.06.2014	34.382
17.06.2014	34.833
16.06.2014	34.625
13.06.2014	34.385
12.06.2014	34.36
11.06.2014	34.398
10.06.2014	34.369
09.06.2014	34.367
06.06.2014	34.447
05.06.2014	34.697
04.06.2014	34.983
03.06.2014	35.102
02.06.2014	35.065
30.05.2014	34.92
29.05.2014	34.665
28.05.2014	34.573
27.05.2014	34.417
26.05.2014	34.185
23.05.2014	34.125
22.05.2014	34.312
21.05.2014	34.337
20.05.2014	34.508
19.05.2014	34.597
16.05.2014	34.745
15.05.2014	34.775
14.05.2014	34.682
13.05.2014	34.875
12.05.2014	35.015
09.05.2014	35.233
08.05.2014	35.127
07.05.2014	34.938
06.05.2014	35.41
05.05.2014	35.727
02.05.2014	35.847
01.05.2014	35.627
30.04.2014	35.634
29.04.2014	35.64
28.04.2014	35.85
25.04.2014	36.02
24.04.2014	35.775
23.04.2014	35.715
22.04.2014	35.695
21.04.2014	35.688
18.04.2014	35.615
17.04.2014	35.453
16.04.2014	36.034
15.04.2014	36.267
14.04.2014	35.99
11.04.2014	35.645
10.04.2014	35.56
09.04.2014	35.585
08.04.2014	35.75
07.04.2014	35.617
04.04.2014	35.324
03.04.2014	35.583
02.04.2014	35.453
01.04.2014	35.053
31.03.2014	35.047
28.03.2014	35.807
27.03.2014	35.617
26.03.2014	35.545
25.03.2014	35.498
24.03.2014	36.095
21.03.2014	36.248
20.03.2014	36.392
19.03.2014	36.182
18.03.2014	36.245
17.03.2014	36.29
14.03.2014	36.565
13.03.2014	36.587
12.03.2014	36.48
11.03.2014	36.455
10.03.2014	36.388
07.03.2014	36.388
06.03.2014	36.128
05.03.2014	36.045
04.03.2014	36.095
03.03.2014	36.532
28.02.2014	36.05
27.02.2014	36.02
26.02.2014	36.04
25.02.2014	35.742
24.02.2014	35.532
21.02.2014	35.51
20.02.2014	35.755
19.02.2014	35.778
18.02.2014	35.46
17.02.2014	35.203
14.02.2014	35.12
13.02.2014	35.083
12.02.2014	34.829
11.02.2014	34.742
10.02.2014	34.75
07.02.2014	34.752
06.02.2014	34.73
05.02.2014	34.865
04.02.2014	35.023
03.02.2014	35.455
31.01.2014	35.176
30.01.2014	34.93
29.01.2014	35.091
28.01.2014	34.788
27.01.2014	34.688
24.01.2014	34.51
23.01.2014	34.153
22.01.2014	33.945
21.01.2014	33.977
20.01.2014	33.773
17.01.2014	33.615
16.01.2014	33.416
15.01.2014	33.398
14.01.2014	33.318
13.01.2014	33.288
10.01.2014	33.002
09.01.2014	33.213
08.01.2014	33.177
07.01.2014	33.14
06.01.2014	33.21
03.01.2014	33.2
02.01.2014	33.1
01.01.2014	32.855
31.12.2013	32.895
30.12.2013	32.82
27.12.2013	32.612
26.12.2013	32.675
25.12.2013	32.688
24.12.2013	32.627
23.12.2013	32.71
20.12.2013	32.985
19.12.2013	32.985
18.12.2013	32.9
17.12.2013	32.983
16.12.2013	32.94
13.12.2013	32.903
12.12.2013	32.828
11.12.2013	32.763
10.12.2013	32.709
09.12.2013	32.682
06.12.2013	32.767
05.12.2013	32.98
04.12.2013	33.113
03.12.2013	33.241
02.12.2013	33.224
29.11.2013	33.149
28.11.2013	33.152
27.11.2013	33.185
26.11.2013	32.954
25.11.2013	32.921
22.11.2013	32.745
21.11.2013	32.993
20.11.2013	32.91
19.11.2013	32.716
18.11.2013	32.576
15.11.2013	32.571
14.11.2013	32.752
13.11.2013	32.753
12.11.2013	32.865
11.11.2013	32.833
08.11.2013	32.66
07.11.2013	32.458
06.11.2013	32.375
05.11.2013	32.545
04.11.2013	32.378
01.11.2013	32.462
31.10.2013	32.083
30.10.2013	32
29.10.2013	32.123
28.10.2013	31.918
25.10.2013	31.811
24.10.2013	31.698
23.10.2013	31.751
22.10.2013	31.689
21.10.2013	31.975
18.10.2013	31.865
17.10.2013	31.867
16.10.2013	32.057
15.10.2013	32.303
14.10.2013	32.28
11.10.2013	32.225
10.10.2013	32.175
09.10.2013	32.32
08.10.2013	32.401
07.10.2013	32.212
04.10.2013	32.179
03.10.2013	32.171
02.10.2013	32.223
01.10.2013	32.25
30.09.2013	32.393
27.09.2013	32.315
26.09.2013	32.335
25.09.2013	32.093
24.09.2013	31.883
23.09.2013	31.814
20.09.2013	31.863
19.09.2013	31.657
18.09.2013	31.793
17.09.2013	32.208
16.09.2013	32.322
13.09.2013	32.465
12.09.2013	32.653
11.09.2013	32.785
10.09.2013	32.945
09.09.2013	33.158
06.09.2013	33.273
05.09.2013	33.443
04.09.2013	33.322
03.09.2013	33.5
02.09.2013	33.4
30.08.2013	33.268
29.08.2013	33.258
28.08.2013	33.19
27.08.2013	33.16
26.08.2013	33.085
23.08.2013	33.035
22.08.2013	33.055
21.08.2013	33.153
20.08.2013	32.95
19.08.2013	32.987
16.08.2013	32.917
15.08.2013	32.9
14.08.2013	33.087
13.08.2013	33.072
12.08.2013	33.02
09.08.2013	32.88
08.08.2013	32.86
07.08.2013	32.963
06.08.2013	32.985
05.08.2013	32.917
02.08.2013	32.835
01.08.2013	33.11
31.07.2013	32.96
30.07.2013	32.967
29.07.2013	32.86
26.07.2013	32.788
25.07.2013	32.665
24.07.2013	32.483
23.07.2013	32.295
22.07.2013	32.345
19.07.2013	32.377
18.07.2013	32.483
17.07.2013	32.325
16.07.2013	32.42
15.07.2013	32.592
12.07.2013	32.64
11.07.2013	32.532
10.07.2013	32.955
09.07.2013	32.995
08.07.2013	33.205
05.07.2013	33.328
04.07.2013	33.218
03.07.2013	33.135
02.07.2013	33.19
01.07.2013	32.992
28.06.2013	32.835
27.06.2013	32.816
26.06.2013	32.943
25.06.2013	32.821
24.06.2013	32.765
21.06.2013	32.775
20.06.2013	33.055
19.06.2013	32.383
18.06.2013	32.008
17.06.2013	31.757
14.06.2013	31.727
13.06.2013	31.975
12.06.2013	32.22
11.06.2013	32.395
10.06.2013	32.3
07.06.2013	32.208
06.06.2013	32.13
05.06.2013	32.175
04.06.2013	31.945
03.06.2013	31.843
31.05.2013	31.922
30.05.2013	31.73
29.05.2013	31.628
28.05.2013	31.524
27.05.2013	31.358
24.05.2013	31.33
23.05.2013	31.483
22.05.2013	31.415
21.05.2013	31.24
20.05.2013	31.238
17.05.2013	31.453
16.05.2013	31.395
15.05.2013	31.455
14.05.2013	31.36
13.05.2013	31.34
10.05.2013	31.358
09.05.2013	31.198
08.05.2013	31.148
07.05.2013	31.067
06.05.2013	31.04
03.05.2013	31.08
02.05.2013	31.152
01.05.2013	31.348
30.04.2013	31.128
29.04.2013	30.973
26.04.2013	31.288
25.04.2013	31.163
24.04.2013	31.48
23.04.2013	31.635
22.04.2013	31.565
19.04.2013	31.665
18.04.2013	31.585
17.04.2013	31.887
16.04.2013	31.248
15.04.2013	31.502
12.04.2013	31.065
11.04.2013	30.865
10.04.2013	30.892
09.04.2013	31.025
08.04.2013	31.223
05.04.2013	31.505
04.04.2013	31.602
03.04.2013	31.652
02.04.2013	31.323
01.04.2013	31.087
29.03.2013	31.078
28.03.2013	31.117
27.03.2013	31.035
26.03.2013	30.88
25.03.2013	30.94
22.03.2013	30.85
21.03.2013	30.95
20.03.2013	30.875
19.03.2013	30.997
18.03.2013	30.808
15.03.2013	30.626
14.03.2013	30.719
13.03.2013	30.798
12.03.2013	30.688
11.03.2013	30.695
08.03.2013	30.793
07.03.2013	30.712
06.03.2013	30.782
05.03.2013	30.618
04.03.2013	30.768
01.03.2013	30.696
28.02.2013	30.65
27.02.2013	30.49
26.02.2013	30.605
25.02.2013	30.475
22.02.2013	30.39
21.02.2013	30.47
20.02.2013	30.23
19.02.2013	30.09
18.02.2013	30.11
15.02.2013	30.113
14.02.2013	30.122
13.02.2013	30.052
12.02.2013	30.035
11.02.2013	30.16
08.02.2013	30.17
07.02.2013	30.25
06.02.2013	30.075
05.02.2013	29.968
04.02.2013	30.075
01.02.2013	29.863
31.01.2013	30.03
30.01.2013	30.043
29.01.2013	30.04
28.01.2013	30.18
25.01.2013	30.041
24.01.2013	30.078
23.01.2013	30.155
22.01.2013	30.24
21.01.2013	30.247
18.01.2013	30.267
17.01.2013	30.173
16.01.2013	30.341
15.01.2013	30.298
14.01.2013	30.221
11.01.2013	30.328
10.01.2013	30.143
09.01.2013	30.363
08.01.2013	30.3
07.01.2013	30.349
04.01.2013	30.328
03.01.2013	30.25
02.01.2013	30.175
01.01.2013	30.588
31.12.2012	30.558
28.12.2012	30.369
27.12.2012	30.365
26.12.2012	30.587
25.12.2012	30.7
24.12.2012	30.633
21.12.2012	30.828
20.12.2012	30.703
19.12.2012	30.765
18.12.2012	30.74
17.12.2012	30.979
14.12.2012	30.707
13.12.2012	30.736
12.12.2012	30.549
11.12.2012	30.707
10.12.2012	30.791
07.12.2012	30.826
06.12.2012	30.953
05.12.2012	30.797
04.12.2012	30.84
03.12.2012	30.882
30.11.2012	30.865
29.11.2012	30.872
28.11.2012	31.07
27.11.2012	31.045
26.11.2012	31.008
23.11.2012	31.05
22.11.2012	31.185
21.11.2012	31.183
20.11.2012	31.306
19.11.2012	31.415
16.11.2012	31.71
15.11.2012	31.666
14.11.2012	31.706
13.11.2012	31.752
12.11.2012	31.61
09.11.2012	31.575
08.11.2012	31.51
07.11.2012	31.58
06.11.2012	31.373
05.11.2012	31.608
02.11.2012	31.48
01.11.2012	31.287
31.10.2012	31.343
30.10.2012	31.38
29.10.2012	31.485
26.10.2012	31.398
25.10.2012	31.38
24.10.2012	31.435
23.10.2012	31.382
22.10.2012	31.107
19.10.2012	30.892
18.10.2012	30.8
17.10.2012	30.753
16.10.2012	30.859
15.10.2012	31.006
12.10.2012	31.11
11.10.2012	31.041
10.10.2012	31.117
09.10.2012	31.145
08.10.2012	31.184
05.10.2012	31.008
04.10.2012	30.985
03.10.2012	31.161
02.10.2012	31.135
01.10.2012	31.2
28.09.2012	31.185
27.09.2012	30.988
26.09.2012	31.311
25.09.2012	31.2
24.09.2012	31.143
21.09.2012	31.041
20.09.2012	31.237
19.09.2012	31.209
18.09.2012	30.911
17.09.2012	30.634
14.09.2012	30.503
13.09.2012	31.074
12.09.2012	31.456
11.09.2012	31.515
10.09.2012	31.677
07.09.2012	31.665
06.09.2012	31.957
05.09.2012	32.296
04.09.2012	32.297
03.09.2012	32.302
31.08.2012	32.25
30.08.2012	32.559
29.08.2012	32.213
28.08.2012	31.993
27.08.2012	31.9
24.08.2012	31.815
23.08.2012	31.695
22.08.2012	31.784
21.08.2012	31.765
20.08.2012	32.059
17.08.2012	32.038
16.08.2012	31.859
15.08.2012	31.869
14.08.2012	31.844
13.08.2012	31.874
10.08.2012	31.83
09.08.2012	31.71
08.08.2012	31.533
07.08.2012	31.545
06.08.2012	31.578
03.08.2012	31.99
02.08.2012	32.66
01.08.2012	32.402
31.07.2012	32.211
30.07.2012	32.177
27.07.2012	32.035
26.07.2012	32.357
25.07.2012	32.651
24.07.2012	32.943
23.07.2012	32.67
20.07.2012	32.061
19.07.2012	31.827
18.07.2012	32.229
17.07.2012	32.35
16.07.2012	32.532
13.07.2012	32.562
12.07.2012	32.742
11.07.2012	32.708
10.07.2012	32.894
09.07.2012	32.985
06.07.2012	32.87
05.07.2012	32.514
04.07.2012	32.335
03.07.2012	32.224
02.07.2012	32.576
29.06.2012	32.395
28.06.2012	33.133
27.06.2012	32.966
26.06.2012	32.913
25.06.2012	33.235
22.06.2012	33.21
21.06.2012	33.182
20.06.2012	32.575
19.06.2012	32.385
18.06.2012	32.41
15.06.2012	32.375
14.06.2012	32.5
13.06.2012	32.472
12.06.2012	33.025
11.06.2012	32.75
08.06.2012	32.528
07.06.2012	32.463
06.06.2012	32.3442
05.06.2012	32.9095
04.06.2012	33.4545
01.06.2012	33.674
31.05.2012	33.3365
30.05.2012	32.8247
29.05.2012	32.3005
28.05.2012	32.098
25.05.2012	32.0905
24.05.2012	31.7935
23.05.2012	31.7372
22.05.2012	31.3775
21.05.2012	31.117
18.05.2012	31.3105
17.05.2012	31.1225
16.05.2012	31.041
15.05.2012	30.679
14.05.2012	30.391
11.05.2012	30.165
10.05.2012	30.1575
09.05.2012	30.369
08.05.2012	30.146
07.05.2012	30
04.05.2012	29.7695
03.05.2012	29.533
02.05.2012	29.4305
01.05.2012	29.3365
30.04.2012	29.4085
27.04.2012	29.319
26.04.2012	29.3315
25.04.2012	29.358
24.04.2012	29.3655
23.04.2012	29.5035
20.04.2012	29.456
19.04.2012	29.504
18.04.2012	29.5325
17.04.2012	29.4975
16.04.2012	29.605
13.04.2012	29.6165
12.04.2012	29.416
11.04.2012	29.6415
10.04.2012	29.8395
09.04.2012	29.609
06.04.2012	29.572
05.04.2012	29.398
04.04.2012	29.446
03.04.2012	29.3045
02.04.2012	29.295
30.03.2012	29.3075
29.03.2012	29.4305
28.03.2012	29.3825
27.03.2012	29.0605
26.03.2012	28.96
23.03.2012	29.265
22.03.2012	29.4515
21.03.2012	29.279
20.03.2012	29.254
19.03.2012	29.1135
16.03.2012	29.2295
15.03.2012	29.437
14.03.2012	29.5845
13.03.2012	29.44
12.03.2012	29.621
09.03.2012	29.44
08.03.2012	29.36
07.03.2012	29.624
06.03.2012	29.6575
05.03.2012	29.3525
02.03.2012	29.366
01.03.2012	29.136
29.02.2012	29.2065
28.02.2012	29.0125
27.02.2012	29.0195
24.02.2012	29.1215
23.02.2012	29.551
22.02.2012	29.699
21.02.2012	29.7505
20.02.2012	29.793
17.02.2012	29.9455
16.02.2012	30.055
15.02.2012	30.101
14.02.2012	30.0545
13.02.2012	29.9215
10.02.2012	30.029
09.02.2012	29.733
08.02.2012	29.749
07.02.2012	29.8175
06.02.2012	30.1225
03.02.2012	30.1345
02.02.2012	30.203
01.02.2012	30.175
31.01.2012	30.292
30.01.2012	30.38
27.01.2012	30.0805
26.01.2012	30.362
25.01.2012	30.564
24.01.2012	30.7615
23.01.2012	30.905
20.01.2012	31.3405
19.01.2012	31.3075
18.01.2012	31.4445
17.01.2012	31.5805
16.01.2012	31.6741
13.01.2012	31.873
12.01.2012	31.5575
11.01.2012	31.7005
10.01.2012	31.5925
09.01.2012	31.884
06.01.2012	31.9815
05.01.2012	32.0395
04.01.2012	31.8695
03.01.2012	31.6855
02.01.2012	32.1065
30.12.2011	32.1935
29.12.2011	32.1015
28.12.2011	31.8245
27.12.2011	31.412
26.12.2011	31.152
23.12.2011	31.1495
22.12.2011	31.3755
21.12.2011	31.753
20.12.2011	31.9213
19.12.2011	32.112
16.12.2011	31.9495
15.12.2011	31.755
14.12.2011	31.891
13.12.2011	31.7425
12.12.2011	31.687
09.12.2011	31.4495
08.12.2011	31.4675
07.12.2011	31.2605
06.12.2011	31.3488
05.12.2011	30.9545
02.12.2011	30.889
01.12.2011	30.7615
30.11.2011	30.7
29.11.2011	31.2995
28.11.2011	31.3802
25.11.2011	31.5263
24.11.2011	31.487
23.11.2011	31.51
22.11.2011	31.0665
21.11.2011	31.185
18.11.2011	30.8395
17.11.2011	31.0063
16.11.2011	30.7855
15.11.2011	30.7105
14.11.2011	30.6088
11.11.2011	30.3605
10.11.2011	30.5475
09.11.2011	30.7105
08.11.2011	30.2375
07.11.2011	30.5235
04.11.2011	30.684
03.11.2011	30.41
02.11.2011	30.765
01.11.2011	30.8215
31.10.2011	30.302
28.10.2011	29.824
27.10.2011	29.9335
26.10.2011	30.6638
25.10.2011	30.5065
24.10.2011	30.601
21.10.2011	31.0635
20.10.2011	31.2625
19.10.2011	31.175
18.10.2011	31.0678
17.10.2011	30.873
14.10.2011	30.879
13.10.2011	31.2435
12.10.2011	31.1165
11.10.2011	31.5225
10.10.2011	31.5637
07.10.2011	32.1176
06.10.2011	32.374
05.10.2011	32.632
04.10.2011	32.72
03.10.2011	32.753
30.09.2011	32.258
29.09.2011	31.8855
28.09.2011	31.76
27.09.2011	31.6945
26.09.2011	32.4
23.09.2011	32.055
22.09.2011	32.0985
21.09.2011	31.602
20.09.2011	31.4225
19.09.2011	31.353
16.09.2011	30.5371
15.09.2011	30.3925
14.09.2011	30.3575
13.09.2011	30.209
12.09.2011	30.2565
09.09.2011	30.0095
08.09.2011	29.734
07.09.2011	29.5215
06.09.2011	29.635
05.09.2011	29.5195
02.09.2011	29.157
01.09.2011	29.0575
31.08.2011	28.947
30.08.2011	28.857
29.08.2011	28.811
26.08.2011	28.822
25.08.2011	28.884
24.08.2011	28.922
23.08.2011	28.973
22.08.2011	29.0975
19.08.2011	29.1315
18.08.2011	29.149
17.08.2011	28.7655
16.08.2011	28.7375
15.08.2011	28.618
12.08.2011	29.1415
11.08.2011	29.5115
10.08.2011	29.8412
09.08.2011	29.8798
08.08.2011	29.0605
05.08.2011	28.169
04.08.2011	28.1765
03.08.2011	27.8281
02.08.2011	27.8405
01.08.2011	27.7541
29.07.2011	27.6135
28.07.2011	27.5655
27.07.2011	27.554
26.07.2011	27.5245
25.07.2011	27.7185
22.07.2011	27.7789
21.07.2011	27.727
20.07.2011	27.9356
19.07.2011	28.0385
18.07.2011	28.1295
15.07.2011	28.0515
14.07.2011	28.1075
13.07.2011	27.996
12.07.2011	28.306
11.07.2011	28.2233
08.07.2011	28.0025
07.07.2011	27.8935
06.07.2011	27.9725
05.07.2011	27.883
04.07.2011	27.822
01.07.2011	27.847
30.06.2011	27.9015
29.06.2011	27.951
28.06.2011	28.088
27.06.2011	28.133
24.06.2011	28.2405
23.06.2011	28.218
22.06.2011	27.9665
21.06.2011	27.9575
20.06.2011	28.033
17.06.2011	28.054
16.06.2011	28.1085
15.06.2011	27.9788
14.06.2011	27.8505
13.06.2011	27.9385
10.06.2011	27.8374
09.06.2011	27.727
08.06.2011	27.75
07.06.2011	27.7333
06.06.2011	27.8212
03.06.2011	27.7955
02.06.2011	27.8985
01.06.2011	27.9865
31.05.2011	27.9285
30.05.2011	28.0285
27.05.2011	27.9795
26.05.2011	28.2515
25.05.2011	28.4565
24.05.2011	28.3637
23.05.2011	28.4825
20.05.2011	28.177
19.05.2011	27.9155
18.05.2011	27.979
17.05.2011	28.043
16.05.2011	28.139
13.05.2011	27.9337
12.05.2011	28.0375
11.05.2011	27.8535
10.05.2011	27.7275
09.05.2011	27.8105
06.05.2011	27.6828
05.05.2011	27.663
04.05.2011	27.3425
03.05.2011	27.3525
02.05.2011	27.3415
29.04.2011	27.409
28.04.2011	27.5275
27.04.2011	27.6015
26.04.2011	27.7495
25.04.2011	27.934
22.04.2011	27.9665
21.04.2011	27.9363
20.04.2011	28.0715
19.04.2011	28.2715
18.04.2011	28.424
15.04.2011	28.121
14.04.2011	28.196
13.04.2011	28.2395
12.04.2011	28.119
11.04.2011	28.0569
08.04.2011	27.942
07.04.2011	28.2215
06.04.2011	28.1639
05.04.2011	28.2715
04.04.2011	28.2735
01.04.2011	28.239
31.03.2011	28.4485
30.03.2011	28.5205
29.03.2011	28.357
28.03.2011	28.3565
25.03.2011	28.343
24.03.2011	28.2995
23.03.2011	28.315
22.03.2011	28.1935
21.03.2011	28.261
18.03.2011	28.4315
17.03.2011	28.6285
16.03.2011	28.738
15.03.2011	28.7105
14.03.2011	28.5025
11.03.2011	28.514
10.03.2011	28.6235
09.03.2011	28.3805
08.03.2011	28.2815
07.03.2011	28.1795
04.03.2011	28.156
03.03.2011	28.1865
02.03.2011	28.3885
01.03.2011	28.7445
28.02.2011	28.847
25.02.2011	28.9525
24.02.2011	29.0545
23.02.2011	29.143
22.02.2011	29.2846
21.02.2011	29.1575
18.02.2011	29.1025
17.02.2011	29.242
16.02.2011	29.205
15.02.2011	29.3275
14.02.2011	29.3015
11.02.2011	29.3237
10.02.2011	29.3247
09.02.2011	29.2497
08.02.2011	29.2631
07.02.2011	29.2708
04.02.2011	29.4029
03.02.2011	29.446
02.02.2011	29.445
01.02.2011	29.6302
31.01.2011	29.799
28.01.2011	29.8168
27.01.2011	29.605
26.01.2011	29.7155
25.01.2011	29.711
24.01.2011	29.844
21.01.2011	29.7845
20.01.2011	29.993
19.01.2011	29.838
18.01.2011	29.902
17.01.2011	29.9867
14.01.2011	30.0026
13.01.2011	29.9455
12.01.2011	30.0995
11.01.2011	30.5505
10.01.2011	30.4775
07.01.2011	30.7685
06.01.2011	30.4775
05.01.2011	30.4775
04.01.2011	30.4775
03.01.2011	30.4775
31.12.2010	30.577
30.12.2010	30.5623
29.12.2010	30.4585
28.12.2010	30.3573
27.12.2010	30.365
24.12.2010	30.477
23.12.2010	30.6332
22.12.2010	30.65
21.12.2010	30.7415
20.12.2010	30.8471
17.12.2010	30.6788
16.12.2010	30.744
15.12.2010	30.818
14.12.2010	30.72
13.12.2010	30.698
10.12.2010	30.927
09.12.2010	30.939
08.12.2010	31.049
07.12.2010	31.136
06.12.2010	31.2245
03.12.2010	31.237
02.12.2010	31.2135
01.12.2010	31.364
30.11.2010	31.5311
29.11.2010	31.356
26.11.2010	31.3883
25.11.2010	31.16
24.11.2010	31.264
23.11.2010	31.358
22.11.2010	31.153
19.11.2010	31.112
18.11.2010	31.079
17.11.2010	31.305
16.11.2010	31.166
15.11.2010	30.998
12.11.2010	30.794
11.11.2010	30.62
10.11.2010	30.732
09.11.2010	30.651
08.11.2010	30.834
05.11.2010	30.519
04.11.2010	30.476
03.11.2010	30.82
02.11.2010	30.774
01.11.2010	30.828
29.10.2010	30.814
28.10.2010	30.646
27.10.2010	30.685
26.10.2010	30.448
25.10.2010	30.293
22.10.2010	30.347
21.10.2010	30.576
20.10.2010	30.681
19.10.2010	30.674
18.10.2010	30.387
15.10.2010	30.315
14.10.2010	30.046
13.10.2010	30.117
12.10.2010	30.103
11.10.2010	29.911
08.10.2010	29.849
07.10.2010	29.776
06.10.2010	29.847
05.10.2010	30.027
04.10.2010	30.473
01.10.2010	30.464
30.09.2010	30.569
29.09.2010	30.422
28.09.2010	30.458
27.09.2010	30.533
24.09.2010	30.758
23.09.2010	31.026
22.09.2010	30.993
21.09.2010	31.059
20.09.2010	31.068
17.09.2010	30.982
16.09.2010	31.314
15.09.2010	30.946
14.09.2010	30.617
13.09.2010	30.666
10.09.2010	30.886
09.09.2010	30.843
08.09.2010	30.823
07.09.2010	30.859
06.09.2010	30.632
03.09.2010	30.627
02.09.2010	30.701
01.09.2010	30.715
31.08.2010	30.783
30.08.2010	30.677
27.08.2010	30.706
26.08.2010	30.696
25.08.2010	30.972
24.08.2010	30.805
23.08.2010	30.696
20.08.2010	30.661
19.08.2010	30.439
18.08.2010	30.444
17.08.2010	30.415
16.08.2010	30.488
13.08.2010	30.545
12.08.2010	30.582
11.08.2010	30.391
10.08.2010	30.038
09.08.2010	29.923
06.08.2010	29.785
05.08.2010	29.847
04.08.2010	29.8168
03.08.2010	29.7313
02.08.2010	29.976
30.07.2010	30.285
29.07.2010	30.175
28.07.2010	30.249
27.07.2010	30.1913
26.07.2010	30.227
23.07.2010	30.3476
22.07.2010	30.3665
21.07.2010	30.5015
20.07.2010	30.5089
19.07.2010	30.5351
16.07.2010	30.5195
15.07.2010	30.37
14.07.2010	30.564
13.07.2010	30.5975
12.07.2010	30.772
09.07.2010	30.875
08.07.2010	30.835
07.07.2010	31.004
06.07.2010	31.055
05.07.2010	31.1488
02.07.2010	31.1065
01.07.2010	31.035
30.06.2010	31.2425
29.06.2010	31.3252
28.06.2010	31.0685
25.06.2010	30.9915
24.06.2010	31.055
23.06.2010	31.0116
22.06.2010	30.9246
21.06.2010	30.8341
18.06.2010	30.989
17.06.2010	30.937
16.06.2010	31.218
15.06.2010	31.28
14.06.2010	31.43
11.06.2010	31.6075
10.06.2010	31.6575
09.06.2010	31.6863
08.06.2010	31.81
07.06.2010	31.7225
04.06.2010	31.515
03.06.2010	31.165
02.06.2010	31.1653
01.06.2010	31.2077
31.05.2010	30.8955
28.05.2010	30.6539
27.05.2010	30.655
26.05.2010	31.19
25.05.2010	31.4445
24.05.2010	31.054
21.05.2010	31.095
20.05.2010	31.4335
19.05.2010	30.4955
18.05.2010	30.5015
17.05.2010	30.5385
14.05.2010	30.355
13.05.2010	29.9998
12.05.2010	30.023
11.05.2010	30.222
10.05.2010	30.4444
07.05.2010	30.4993
06.05.2010	30.719
05.05.2010	30.0456
04.05.2010	29.5947
03.05.2010	29.18
30.04.2010	29.215
29.04.2010	29.233
28.04.2010	29.3445
27.04.2010	29.3565
26.04.2010	29.048
23.04.2010	29.1155
22.04.2010	29.2593
21.04.2010	29.135
20.04.2010	29.145
19.04.2010	29.138
16.04.2010	29.07
15.04.2010	28.999
14.04.2010	28.947
13.04.2010	29.044
12.04.2010	29.016
09.04.2010	29.135
08.04.2010	29.417
07.04.2010	29.322
06.04.2010	29.325
05.04.2010	29.2
02.04.2010	29.245
01.04.2010	29.255
31.03.2010	29.434
30.03.2010	29.51
29.03.2010	29.486
26.03.2010	29.596
25.03.2010	29.607
24.03.2010	29.701
23.03.2010	29.541
22.03.2010	29.529
19.03.2010	29.34
18.03.2010	29.306
17.03.2010	29.174
16.03.2010	29.283
15.03.2010	29.424
12.03.2010	29.291
11.03.2010	29.456
10.03.2010	29.557
09.03.2010	29.736
08.03.2010	29.7565
05.03.2010	29.8413
04.03.2010	29.8215
03.03.2010	29.771
02.03.2010	29.9863
01.03.2010	29.9651
26.02.2010	29.935
25.02.2010	30.0124
24.02.2010	30.015
23.02.2010	29.9885
22.02.2010	30.0195
19.02.2010	29.9647
18.02.2010	30.0383
17.02.2010	30.1232
16.02.2010	30.0067
15.02.2010	30.229
12.02.2010	30.212
11.02.2010	30.1439
10.02.2010	30.3091
09.02.2010	30.3425
08.02.2010	30.5305
05.02.2010	30.3655
04.02.2010	30.175
03.02.2010	29.9945
02.02.2010	30.075
01.02.2010	30.295
29.01.2010	30.3679
28.01.2010	30.361
27.01.2010	30.327
26.01.2010	30.336
25.01.2010	30.1141
22.01.2010	29.8665
21.01.2010	29.7187
20.01.2010	29.764
19.01.2010	29.598
18.01.2010	29.601
15.01.2010	29.5645
14.01.2010	29.445
13.01.2010	29.5535
12.01.2010	29.572
11.01.2010	29.326
08.01.2010	29.8685
07.01.2010	30.1
06.01.2010	30.1
05.01.2010	30.1
04.01.2010	30.3175
01.01.2010	30.1
31.12.2009	30.1
30.12.2009	30.27
29.12.2009	29.9237
28.12.2009	29.725
25.12.2009	29.56
24.12.2009	29.599
23.12.2009	30.205
22.12.2009	30.5705
21.12.2009	30.5469
18.12.2009	30.49
17.12.2009	30.815
16.12.2009	30.234
15.12.2009	30.1665
14.12.2009	30.0645
11.12.2009	30.0555
10.12.2009	30.3917
09.12.2009	30.422
08.12.2009	30.6576
07.12.2009	29.8688
04.12.2009	29.5403
03.12.2009	29.1798
02.12.2009	29.354
01.12.2009	29.0775
30.11.2009	29.2357
27.11.2009	29.3155
26.11.2009	29.252
25.11.2009	28.79
24.11.2009	28.7849
23.11.2009	28.781
20.11.2009	28.9898
19.11.2009	28.7907
18.11.2009	28.7207
17.11.2009	28.7837
16.11.2009	28.667
13.11.2009	28.8275
12.11.2009	28.802
11.11.2009	28.673
10.11.2009	28.705
09.11.2009	28.7372
06.11.2009	29.0385
05.11.2009	29.0074
04.11.2009	29.1425
03.11.2009	29.3148
02.11.2009	29.2475
30.10.2009	29.1562
29.10.2009	29.176
28.10.2009	29.252
27.10.2009	29.221
26.10.2009	28.8697
23.10.2009	28.9985
22.10.2009	29.033
21.10.2009	29.1838
20.10.2009	29.1528
19.10.2009	29.313
16.10.2009	29.4211
15.10.2009	29.4225
14.10.2009	29.598
13.10.2009	29.5362
12.10.2009	29.4865
09.10.2009	29.63
08.10.2009	29.5864
07.10.2009	29.7415
06.10.2009	29.81
05.10.2009	30.0055
02.10.2009	30.1845
01.10.2009	30.109
30.09.2009	30.0775
29.09.2009	30.0805
28.09.2009	30.1565
25.09.2009	30.1457
24.09.2009	30.1345
23.09.2009	30.057
22.09.2009	32.4068
21.09.2009	30.3765
18.09.2009	30.3038
17.09.2009	30.317
16.09.2009	32.4068
15.09.2009	30.8225
14.09.2009	32.4068
11.09.2009	30.6475
10.09.2009	30.8526
09.09.2009	32.4068
08.09.2009	32.4068
07.09.2009	32.4068
04.09.2009	31.6056
03.09.2009	32.4043
02.09.2009	32.4043
01.09.2009	32.4043
31.08.2009	32.4043
28.08.2009	31.65
27.08.2009	32.4043
26.08.2009	32.4043
25.08.2009	32.4043
24.08.2009	31.591
21.08.2009	31.627
20.08.2009	31.8051
19.08.2009	32.4043
18.08.2009	32.4043
17.08.2009	32.1851
14.08.2009	31.698
13.08.2009	31.6452
12.08.2009	32.284
11.08.2009	32.2159
10.08.2009	31.8007
07.08.2009	31.4876
06.08.2009	31.3175
05.08.2009	31.158
04.08.2009	31.083
03.08.2009	31.0562
31.07.2009	31.54
30.07.2009	31.515
29.07.2009	31.577
28.07.2009	31.0845
27.07.2009	30.6995
24.07.2009	30.966
23.07.2009	31.204
22.07.2009	31.1735
21.07.2009	30.997
20.07.2009	31.0255
17.07.2009	31.7765
16.07.2009	31.576
15.07.2009	31.873
14.07.2009	32.2618
13.07.2009	32.6777
10.07.2009	32.5933
09.07.2009	31.7375
08.07.2009	31.9071
07.07.2009	31.5871
06.07.2009	31.344
03.07.2009	31.164
02.07.2009	31.129
01.07.2009	31.0963
30.06.2009	31.073
29.06.2009	31.105
26.06.2009	31.057
25.06.2009	31.207
24.06.2009	31.14
23.06.2009	31.229
22.06.2009	31.273
19.06.2009	30.943
18.06.2009	31.192
17.06.2009	31.27
16.06.2009	31.221
15.06.2009	31.191
12.06.2009	30.995
11.06.2009	30.88
10.06.2009	30.857
09.06.2009	31.046
08.06.2009	31.41
05.06.2009	30.926
04.06.2009	30.727
03.06.2009	30.751
02.06.2009	30.5765
01.06.2009	30.615
29.05.2009	30.656
28.05.2009	30.983
27.05.2009	31.056
26.05.2009	31.3275
25.05.2009	30.903
22.05.2009	30.952
21.05.2009	31.48
20.05.2009	31.442
19.05.2009	31.8375
18.05.2009	32.068
15.05.2009	32.017
14.05.2009	32.17
13.05.2009	31.933
12.05.2009	31.988
11.05.2009	32.235
08.05.2009	32.246
07.05.2009	32.582
06.05.2009	32.808
05.05.2009	32.859
04.05.2009	32.786
01.05.2009	33.063
30.04.2009	33.12
29.04.2009	33.173
28.04.2009	33.367
27.04.2009	33.506
24.04.2009	33.202
23.04.2009	33.475
22.04.2009	33.933
21.04.2009	34.194
20.04.2009	33.925
17.04.2009	33.463
16.04.2009	33.392
15.04.2009	33.417
14.04.2009	33.406
13.04.2009	33.289
10.04.2009	33.508
09.04.2009	33.638
08.04.2009	33.691
07.04.2009	33.55
06.04.2009	33.389
03.04.2009	33.308
02.04.2009	33.394
01.04.2009	33.89
31.03.2009	33.959
30.03.2009	33.971
27.03.2009	33.751
26.03.2009	33.416
25.03.2009	33.595
24.03.2009	33.493
23.03.2009	33.191
20.03.2009	33.505
19.03.2009	33.345
18.03.2009	33.935
17.03.2009	34.499
16.03.2009	34.642
13.03.2009	34.681
12.03.2009	34.984
11.03.2009	34.997
10.03.2009	35.074
09.03.2009	35.659
06.03.2009	35.783
05.03.2009	35.863
04.03.2009	35.979
03.03.2009	36.222
02.03.2009	36.169
27.02.2009	35.925
26.02.2009	35.748
25.02.2009	35.826
24.02.2009	35.848
23.02.2009	36.108
20.02.2009	35.888
19.02.2009	35.867
18.02.2009	36.311
17.02.2009	36.328
16.02.2009	35.214
13.02.2009	34.625
12.02.2009	34.645
11.02.2009	35.186
10.02.2009	35.849
09.02.2009	35.834
06.02.2009	36.17
05.02.2009	36.36
04.02.2009	36.255
03.02.2009	35.969
02.02.2009	36.098
30.01.2009	35.763
29.01.2009	35
28.01.2009	33.95
27.01.2009	33.061
26.01.2009	32.827
23.01.2009	32.859
22.01.2009	32.65
21.01.2009	32.543
20.01.2009	33.023
19.01.2009	33.237
16.01.2009	32.489
15.01.2009	32.256
14.01.2009	31.759
13.01.2009	31.293
12.01.2009	31.081
09.01.2009	29.155
08.01.2009	29.39
07.01.2009	29.155
06.01.2009	29.158
05.01.2009	29.157
02.01.2009	29.404
01.01.2009	29.157
31.12.2008	30.535
30.12.2008	29.41
29.12.2008	29.52
26.12.2008	29.008
25.12.2008	28.7
24.12.2008	28.712
23.12.2008	28.387
22.12.2008	28.406
19.12.2008	28.169
18.12.2008	27.396
17.12.2008	27.256
16.12.2008	27.205
15.12.2008	27.6
12.12.2008	27.682
11.12.2008	27.683
10.12.2008	27.817
09.12.2008	27.95
08.12.2008	27.907
05.12.2008	28.173
04.12.2008	27.951
03.12.2008	27.905
02.12.2008	27.907
01.12.2008	27.997
28.11.2008	27.913
27.11.2008	27.453
26.11.2008	27.43
25.11.2008	27.241
24.11.2008	27.344
21.11.2008	27.509
20.11.2008	27.602
19.11.2008	27.585
18.11.2008	27.462
17.11.2008	27.436
14.11.2008	27.373
13.11.2008	27.281
12.11.2008	27.599
11.11.2008	27.579
10.11.2008	27.072
07.11.2008	27.03
06.11.2008	27.062
05.11.2008	26.825
04.11.2008	26.769
03.11.2008	27.151
31.10.2008	27.079
30.10.2008	26.833
29.10.2008	26.821
28.10.2008	27.101
27.10.2008	27.371
24.10.2008	27.197
23.10.2008	26.816
22.10.2008	26.952
21.10.2008	26.717
20.10.2008	26.368
17.10.2008	26.357
16.10.2008	26.288
15.10.2008	26.296
14.10.2008	26.133
13.10.2008	26.177
10.10.2008	26.214
09.10.2008	26.165
08.10.2008	26.134
07.10.2008	26.145
06.10.2008	26.271
03.10.2008	25.98
02.10.2008	25.925
01.10.2008	25.734
30.09.2008	25.635
29.09.2008	25.319
26.09.2008	25.041
25.09.2008	25.044
24.09.2008	25.042
23.09.2008	25.104
22.09.2008	25.017
19.09.2008	25.286
18.09.2008	25.447
17.09.2008	25.468
16.09.2008	25.624
15.09.2008	25.503
12.09.2008	25.526
11.09.2008	25.711
10.09.2008	25.769
09.09.2008	25.587
08.09.2008	25.554
05.09.2008	25.481
04.09.2008	25.471
03.09.2008	25.142
02.09.2008	24.787
01.09.2008	24.668
29.08.2008	24.648
28.08.2008	24.644
27.08.2008	24.622
26.08.2008	24.673
25.08.2008	24.442
22.08.2008	24.383
21.08.2008	24.281
20.08.2008	24.401
19.08.2008	24.469
18.08.2008	24.555
15.08.2008	24.608
14.08.2008	24.387
13.08.2008	24.215
12.08.2008	24.254
11.08.2008	24.434
08.08.2008	24.239
07.08.2008	23.682
06.08.2008	23.651
05.08.2008	23.562
04.08.2008	23.41
01.08.2008	23.476
31.07.2008	23.435
30.07.2008	23.442
29.07.2008	23.452
28.07.2008	23.343
25.07.2008	23.382
24.07.2008	23.384
23.07.2008	23.364
22.07.2008	23.297
21.07.2008	23.177
18.07.2008	23.221
17.07.2008	23.223
16.07.2008	23.26
15.07.2008	23.162
14.07.2008	23.156
11.07.2008	23.25
10.07.2008	23.355
09.07.2008	23.423
08.07.2008	23.516
07.07.2008	23.478
04.07.2008	23.485
03.07.2008	23.521
02.07.2008	23.371
01.07.2008	23.414
30.06.2008	23.447
27.06.2008	23.415
26.06.2008	23.444
25.06.2008	23.519
24.06.2008	23.606
23.06.2008	23.643
20.06.2008	23.564
19.06.2008	23.652
18.06.2008	23.625
17.06.2008	23.65
16.06.2008	23.69
13.06.2008	23.793
12.06.2008	23.742
11.06.2008	23.632
10.06.2008	23.708
09.06.2008	23.655
06.06.2008	23.538
05.06.2008	23.684
04.06.2008	23.79
03.06.2008	23.798
02.06.2008	23.708
30.05.2008	23.688
29.05.2008	23.717
28.05.2008	23.621
27.05.2008	23.632
26.05.2008	23.525
23.05.2008	23.563
22.05.2008	23.606
21.05.2008	23.56
20.05.2008	23.697
19.05.2008	23.784
16.05.2008	23.713
15.05.2008	23.904
14.05.2008	23.879
13.05.2008	23.812
12.05.2008	23.691
09.05.2008	23.767
08.05.2008	23.822
07.05.2008	23.824
06.05.2008	23.711
05.05.2008	23.719
02.05.2008	23.812
01.05.2008	23.784
30.04.2008	23.682
29.04.2008	23.671
28.04.2008	23.619
25.04.2008	23.639
24.04.2008	23.597
23.04.2008	23.399
22.04.2008	23.316
21.04.2008	23.41
18.04.2008	23.502
17.04.2008	23.412
16.04.2008	23.351
15.04.2008	23.508
14.04.2008	23.461
11.04.2008	23.479
10.04.2008	23.541
09.04.2008	23.453
08.04.2008	23.567
07.04.2008	23.566
04.04.2008	23.568
03.04.2008	23.592
02.04.2008	23.591
01.04.2008	23.651
31.03.2008	23.489
28.03.2008	23.519
27.03.2008	23.479
26.03.2008	23.492
25.03.2008	23.666
24.03.2008	23.809
21.03.2008	23.774
20.03.2008	23.777
19.03.2008	23.597
18.03.2008	23.488
17.03.2008	23.547
14.03.2008	23.613
13.03.2008	23.675
12.03.2008	23.72
11.03.2008	23.884
10.03.2008	23.877
07.03.2008	23.868
06.03.2008	23.836
05.03.2008	23.937
04.03.2008	24
03.03.2008	24.04
29.02.2008	24.021
28.02.2008	23.982
27.02.2008	24.094
26.02.2008	24.307
25.02.2008	24.439
22.02.2008	24.449
21.02.2008	24.477
20.02.2008	24.567
19.02.2008	24.534
18.02.2008	24.585
15.02.2008	24.595
14.02.2008	24.624
13.02.2008	24.662
12.02.2008	24.627
11.02.2008	24.706
08.02.2008	24.751
07.02.2008	24.785
06.02.2008	24.637
05.02.2008	24.628
04.02.2008	24.485
01.02.2008	24.48
31.01.2008	24.448
30.01.2008	24.478
29.01.2008	24.489
28.01.2008	24.475
25.01.2008	24.499
24.01.2008	24.488
23.01.2008	24.729
22.01.2008	24.663
21.01.2008	24.753
18.01.2008	24.509
17.01.2008	24.451
16.01.2008	24.482
15.01.2008	24.314
14.01.2008	24.283
11.01.2008	24.349
10.01.2008	24.363
09.01.2008	24.482
08.01.2008	24.459
07.01.2008	24.486
04.01.2008	24.414
03.01.2008	24.436
02.01.2008	24.443
01.01.2008	24.573
31.12.2007	24.58
28.12.2007	24.462
27.12.2007	24.583
26.12.2007	24.628
25.12.2007	24.722
24.12.2007	24.711
21.12.2007	24.753
20.12.2007	24.766
19.12.2007	24.755
18.12.2007	24.709
17.12.2007	24.731
14.12.2007	24.677
13.12.2007	24.522
12.12.2007	24.454
11.12.2007	24.441
10.12.2007	24.431
07.12.2007	24.493
06.12.2007	24.488
05.12.2007	24.479
04.12.2007	24.396
03.12.2007	24.474
30.11.2007	24.446
29.11.2007	24.401
28.11.2007	24.376
27.11.2007	24.336
26.11.2007	24.299
23.11.2007	24.32
22.11.2007	24.314
21.11.2007	24.326
20.11.2007	24.378
19.11.2007	24.485
16.11.2007	24.481
15.11.2007	24.506
14.11.2007	24.47
13.11.2007	24.542
12.11.2007	24.588
09.11.2007	24.473
08.11.2007	24.467
07.11.2007	24.48
06.11.2007	24.587
05.11.2007	24.649
02.11.2007	24.615
01.11.2007	24.675
31.10.2007	24.672
30.10.2007	24.691
29.10.2007	24.701
26.10.2007	24.736
25.10.2007	24.818
24.10.2007	24.882
23.10.2007	24.878
22.10.2007	24.96
19.10.2007	24.854
18.10.2007	24.823
17.10.2007	24.92
16.10.2007	24.938
15.10.2007	24.899
12.10.2007	24.924
11.10.2007	24.889
10.10.2007	24.966
09.10.2007	25.024
08.10.2007	25.059
05.10.2007	24.964
04.10.2007	24.983
03.10.2007	24.986
02.10.2007	24.948
01.10.2007	24.866
28.09.2007	24.855
27.09.2007	24.962
26.09.2007	24.986
25.09.2007	24.962
24.09.2007	25.017
21.09.2007	25.056
20.09.2007	25.071
19.09.2007	25.176
18.09.2007	25.335
17.09.2007	25.342
14.09.2007	25.343
13.09.2007	25.357
12.09.2007	25.37
11.09.2007	25.46
10.09.2007	25.526
07.09.2007	25.563
06.09.2007	25.648
05.09.2007	25.618
04.09.2007	25.67
03.09.2007	25.607
31.08.2007	25.654
30.08.2007	25.629
29.08.2007	25.646
28.08.2007	25.722
27.08.2007	25.669
24.08.2007	25.679
23.08.2007	25.732
22.08.2007	25.767
21.08.2007	25.897
20.08.2007	25.797
17.08.2007	25.782
16.08.2007	25.795
15.08.2007	25.696
14.08.2007	25.597
13.08.2007	25.534
10.08.2007	25.462
09.08.2007	25.46
08.08.2007	25.435
07.08.2007	25.461
06.08.2007	25.484
03.08.2007	25.479
02.08.2007	25.573
01.08.2007	25.599
31.07.2007	25.559
30.07.2007	25.558
27.07.2007	25.594
26.07.2007	25.456
25.07.2007	25.501
24.07.2007	25.39
23.07.2007	25.413
20.07.2007	25.396
19.07.2007	25.408
18.07.2007	25.431
17.07.2007	25.46
16.07.2007	25.468
13.07.2007	25.453
12.07.2007	25.498
11.07.2007	25.513
10.07.2007	25.555
09.07.2007	25.668
06.07.2007	25.711
05.07.2007	25.702
04.07.2007	25.665
03.07.2007	25.684
02.07.2007	25.652
29.06.2007	25.726
28.06.2007	25.815
27.06.2007	25.838
26.06.2007	25.786
25.06.2007	25.885
22.06.2007	25.891
21.06.2007	25.961
20.06.2007	25.942
19.06.2007	25.925
18.06.2007	25.945
15.06.2007	25.968
14.06.2007	26.04
13.06.2007	26.057
12.06.2007	26.008
11.06.2007	25.983
08.06.2007	25.987
07.06.2007	25.912
06.06.2007	25.839
05.06.2007	25.835
04.06.2007	25.864
01.06.2007	25.9
31.05.2007	25.887
30.05.2007	25.915
29.05.2007	25.903
28.05.2007	25.888
25.05.2007	25.887
24.05.2007	25.892
23.05.2007	25.885
22.05.2007	25.881
21.05.2007	25.881
18.05.2007	25.823
17.05.2007	25.846
16.05.2007	25.828
15.05.2007	25.741
14.05.2007	25.788
11.05.2007	25.821
10.05.2007	25.864
09.05.2007	25.79
08.05.2007	25.801
07.05.2007	25.727
04.05.2007	25.734
03.05.2007	25.774
02.05.2007	25.735
01.05.2007	25.738
30.04.2007	25.682
27.04.2007	25.703
26.04.2007	25.73
25.04.2007	25.7
24.04.2007	25.716
23.04.2007	25.761
20.04.2007	25.732
19.04.2007	25.741
18.04.2007	25.762
17.04.2007	25.769
16.04.2007	25.793
13.04.2007	25.803
12.04.2007	25.852
11.04.2007	25.915
10.04.2007	25.913
09.04.2007	25.989
06.04.2007	25.971
05.04.2007	25.916
04.04.2007	25.978
03.04.2007	26.018
02.04.2007	25.978
30.03.2007	25.966
29.03.2007	26.006
28.03.2007	26.008
27.03.2007	25.998
26.03.2007	26.005
23.03.2007	26.055
22.03.2007	26.019
21.03.2007	26.043
20.03.2007	26.026
19.03.2007	26.037
16.03.2007	26.034
15.03.2007	26.122
14.03.2007	26.126
13.03.2007	26.144
12.03.2007	26.171
09.03.2007	26.236
08.03.2007	26.225
07.03.2007	26.212
06.03.2007	26.248
05.03.2007	26.271
02.03.2007	26.155
01.03.2007	26.178
28.02.2007	26.12
27.02.2007	26.108
26.02.2007	26.185
23.02.2007	26.179
22.02.2007	26.221
21.02.2007	26.217
20.02.2007	26.22
19.02.2007	26.203
16.02.2007	26.226
15.02.2007	26.235
14.02.2007	26.246
13.02.2007	26.349
12.02.2007	26.387
09.02.2007	26.362
08.02.2007	26.322
07.02.2007	26.473
06.02.2007	26.514
05.02.2007	26.539
02.02.2007	26.523
01.02.2007	26.491
31.01.2007	26.494
30.01.2007	26.533
29.01.2007	26.542
26.01.2007	26.569
25.01.2007	26.498
24.01.2007	26.526
23.01.2007	26.489
22.01.2007	26.538
19.01.2007	26.518
18.01.2007	26.53
17.01.2007	26.554
16.01.2007	26.568
15.01.2007	26.574
12.01.2007	26.572
11.01.2007	26.59
10.01.2007	26.548
09.01.2007	26.471
08.01.2007	26.385
05.01.2007	26.385
04.01.2007	26.385
03.01.2007	26.31
02.01.2007	26.31
01.01.2007	26.31
29.12.2006	26.325
28.12.2006	26.355
27.12.2006	26.373
26.12.2006	26.397
25.12.2006	26.357
22.12.2006	26.337
21.12.2006	26.325
20.12.2006	26.323
19.12.2006	26.297
18.12.2006	26.412
15.12.2006	26.407
14.12.2006	26.334
13.12.2006	26.288
12.12.2006	26.258
11.12.2006	26.241
08.12.2006	26.27
07.12.2006	26.227
06.12.2006	26.206
05.12.2006	26.186
04.12.2006	26.178
01.12.2006	26.186
30.11.2006	26.251
29.11.2006	26.341
28.11.2006	26.335
27.11.2006	26.373
24.11.2006	26.407
23.11.2006	26.545
22.11.2006	26.569
21.11.2006	26.657
20.11.2006	26.665
17.11.2006	26.651
16.11.2006	26.68
15.11.2006	26.659
14.11.2006	26.66
13.11.2006	26.666
10.11.2006	26.624
09.11.2006	26.641
08.11.2006	26.705
07.11.2006	26.666
06.11.2006	26.749
03.11.2006	26.766
02.11.2006	26.702
01.11.2006	26.713
31.10.2006	26.701
30.10.2006	26.749
27.10.2006	26.74
26.10.2006	26.772
25.10.2006	26.886
24.10.2006	26.893
23.10.2006	26.927
20.10.2006	26.864
19.10.2006	26.856
18.10.2006	26.955
17.10.2006	26.93
16.10.2006	26.963
13.10.2006	26.977
12.10.2006	26.944
11.10.2006	26.952
10.10.2006	26.952
09.10.2006	26.887
06.10.2006	26.897
05.10.2006	26.806
04.10.2006	26.793
03.10.2006	26.768
02.10.2006	26.734
29.09.2006	26.783
28.09.2006	26.768
27.09.2006	26.764
26.09.2006	26.79
25.09.2006	26.725
22.09.2006	26.667
21.09.2006	26.695
20.09.2006	26.76
19.09.2006	26.797
18.09.2006	26.791
15.09.2006	26.803
14.09.2006	26.761
13.09.2006	26.795
12.09.2006	26.811
11.09.2006	26.8
08.09.2006	26.806
07.09.2006	26.72
06.09.2006	26.702
05.09.2006	26.679
04.09.2006	26.706
01.09.2006	26.737
31.08.2006	26.771
30.08.2006	26.739
29.08.2006	26.789
28.08.2006	26.772
25.08.2006	26.801
24.08.2006	26.795
23.08.2006	26.779
22.08.2006	26.776
21.08.2006	26.68
18.08.2006	26.739
17.08.2006	26.761
16.08.2006	26.733
15.08.2006	26.775
14.08.2006	26.831
11.08.2006	26.824
10.08.2006	26.773
09.08.2006	26.686
08.08.2006	26.723
07.08.2006	26.727
04.08.2006	26.675
03.08.2006	26.765
02.08.2006	26.772
01.08.2006	26.765
31.07.2006	26.802
28.07.2006	26.812
27.07.2006	26.804
26.07.2006	26.938
25.07.2006	26.981
24.07.2006	26.934
21.07.2006	26.87
20.07.2006	26.92
19.07.2006	26.95
18.07.2006	27.055
17.07.2006	27.011
14.07.2006	26.974
13.07.2006	26.94
12.07.2006	26.929
11.07.2006	26.874
10.07.2006	26.914
07.07.2006	26.827
06.07.2006	26.874
05.07.2006	26.924
04.07.2006	26.84
03.07.2006	26.857
30.06.2006	26.862
29.06.2006	27.107
28.06.2006	27.087
27.06.2006	27.049
26.06.2006	27.035
23.06.2006	27.108
22.06.2006	27.054
21.06.2006	26.966
20.06.2006	27.034
19.06.2006	27.059
16.06.2006	27.009
15.06.2006	27.039
14.06.2006	27.041
13.06.2006	27.114
12.06.2006	27.046
09.06.2006	27.046
08.06.2006	26.991
07.06.2006	26.849
06.06.2006	26.826
05.06.2006	26.714
02.06.2006	26.763
01.06.2006	27.094
31.05.2006	26.987
30.05.2006	26.944
29.05.2006	27.055
26.05.2006	27.053
25.05.2006	27.039
24.05.2006	27.011
23.05.2006	26.986
22.05.2006	27.064
19.05.2006	27.056
18.05.2006	27.038
17.05.2006	26.951
16.05.2006	27.002
15.05.2006	27.027
12.05.2006	26.926
11.05.2006	26.969
10.05.2006	27.019
09.05.2006	27.064
08.05.2006	27.112
05.05.2006	27.079
04.05.2006	27.12
03.05.2006	27.176
02.05.2006	27.171
01.05.2006	27.251
28.04.2006	27.251
27.04.2006	27.391
26.04.2006	27.397
25.04.2006	27.404
24.04.2006	27.444
21.04.2006	27.484
20.04.2006	27.48
19.04.2006	27.45
18.04.2006	27.524
17.04.2006	27.53
14.04.2006	27.707
13.04.2006	27.716
12.04.2006	27.7
11.04.2006	27.689
10.04.2006	27.705
07.04.2006	27.667
06.04.2006	27.591
05.04.2006	27.541
04.04.2006	27.571
03.04.2006	27.734
31.03.2006	27.709
30.03.2006	27.696
29.03.2006	27.776
28.03.2006	27.705
27.03.2006	27.787
24.03.2006	27.85
23.03.2006	27.831
22.03.2006	27.735
21.03.2006	27.752
20.03.2006	27.657
17.03.2006	27.663
16.03.2006	27.736
15.03.2006	27.827
14.03.2006	27.958
13.03.2006	28.035
10.03.2006	28.04
09.03.2006	28.045
08.03.2006	28.065
07.03.2006	28.065
06.03.2006	27.924
03.03.2006	27.929
02.03.2006	28.025
01.03.2006	28.048
28.02.2006	28.029
27.02.2006	28.128
24.02.2006	28.194
23.02.2006	28.194
22.02.2006	28.225
21.02.2006	28.194
20.02.2006	28.159
17.02.2006	28.193
16.02.2006	28.224
15.02.2006	28.229
14.02.2006	28.214
13.02.2006	28.185
10.02.2006	28.25
09.02.2006	28.259
08.02.2006	28.274
07.02.2006	28.265
06.02.2006	28.25
03.02.2006	28.254
02.02.2006	28.14
01.02.2006	28.155
31.01.2006	28.121
30.01.2006	28.146
27.01.2006	28
26.01.2006	27.981
25.01.2006	27.949
24.01.2006	27.995
23.01.2006	28.005
20.01.2006	28.255
19.01.2006	28.245
18.01.2006	28.26
17.01.2006	28.345
16.01.2006	28.277
13.01.2006	28.426
12.01.2006	28.503
11.01.2006	28.417
10.01.2006	28.507
09.01.2006	28.67
06.01.2006	28.67
05.01.2006	28.67
04.01.2006	28.741
03.01.2006	28.741
02.01.2006	28.741
30.12.2005	28.741
29.12.2005	28.805
28.12.2005	28.745
27.12.2005	28.807
26.12.2005	28.795
23.12.2005	28.789
22.12.2005	28.801
21.12.2005	28.856
20.12.2005	28.73
19.12.2005	28.657
16.12.2005	28.642
15.12.2005	28.711
14.12.2005	28.651
13.12.2005	28.737
12.12.2005	28.703
09.12.2005	28.865
08.12.2005	28.924
07.12.2005	28.996
06.12.2005	28.917
05.12.2005	28.93
02.12.2005	28.97
01.12.2005	28.865
30.11.2005	28.807
29.11.2005	28.786
28.11.2005	28.784
25.11.2005	28.796
24.11.2005	28.756
23.11.2005	28.758
22.11.2005	28.846
21.11.2005	28.719
18.11.2005	28.844
17.11.2005	28.828
16.11.2005	28.887
15.11.2005	28.888
14.11.2005	28.883
11.11.2005	28.869
10.11.2005	28.843
09.11.2005	28.848
08.11.2005	28.858
07.11.2005	28.782
04.11.2005	28.578
03.11.2005	28.578
02.11.2005	28.547
01.11.2005	28.685
31.10.2005	28.56
28.10.2005	28.455
27.10.2005	28.422
26.10.2005	28.501
25.10.2005	28.475
24.10.2005	28.581
21.10.2005	28.657
20.10.2005	28.613
19.10.2005	28.613
18.10.2005	28.621
17.10.2005	28.574
14.10.2005	28.543
13.10.2005	28.616
12.10.2005	28.575
11.10.2005	28.589
10.10.2005	28.524
07.10.2005	28.497
06.10.2005	28.492
05.10.2005	28.56
04.10.2005	28.625
03.10.2005	28.666
30.09.2005	28.5
29.09.2005	28.54
28.09.2005	28.527
27.09.2005	28.545
26.09.2005	28.556
23.09.2005	28.476
22.09.2005	28.39
21.09.2005	28.351
20.09.2005	28.387
19.09.2005	28.425
16.09.2005	28.375
15.09.2005	28.367
14.09.2005	28.297
13.09.2005	28.415
12.09.2005	28.39
09.09.2005	28.27
08.09.2005	28.258
07.09.2005	28.24
06.09.2005	28.227
05.09.2005	28.16
02.09.2005	28.28
01.09.2005	28.422
31.08.2005	28.49
30.08.2005	28.574
29.08.2005	28.488
26.08.2005	28.435
25.08.2005	28.47
24.08.2005	28.475
23.08.2005	28.564
22.08.2005	28.545
19.08.2005	28.595
18.08.2005	28.578
17.08.2005	28.468
16.08.2005	28.455
15.08.2005	28.42
12.08.2005	28.31
11.08.2005	28.337
10.08.2005	28.388
09.08.2005	28.413
08.08.2005	28.398
05.08.2005	28.415
04.08.2005	28.46
03.08.2005	28.486
02.08.2005	28.57
01.08.2005	28.571
29.07.2005	28.615
28.07.2005	28.665
27.07.2005	28.701
26.07.2005	28.74
25.07.2005	28.662
22.07.2005	28.614
21.07.2005	28.574
20.07.2005	28.662
19.07.2005	28.695
18.07.2005	28.681
15.07.2005	28.695
14.07.2005	28.665
13.07.2005	28.645
12.07.2005	28.582
11.07.2005	28.714
08.07.2005	28.776
07.07.2005	28.825
06.07.2005	28.835
05.07.2005	28.83
04.07.2005	28.79
01.07.2005	28.63
30.06.2005	28.63
29.06.2005	28.68
28.06.2005	28.633
27.06.2005	28.56
24.06.2005	28.644
23.06.2005	28.663
22.06.2005	28.581
21.06.2005	28.582
20.06.2005	28.526
17.06.2005	28.521
16.06.2005	28.557
15.06.2005	28.571
14.06.2005	28.553
13.06.2005	28.486
10.06.2005	28.486
09.06.2005	28.446
08.06.2005	28.354
07.06.2005	28.405
06.06.2005	28.411
03.06.2005	28.37
02.06.2005	28.376
01.06.2005	28.386
31.05.2005	28.24
30.05.2005	28.12
27.05.2005	28.08
26.05.2005	28.078
25.05.2005	28.025
24.05.2005	28.012
23.05.2005	28.041
20.05.2005	28.029
19.05.2005	27.977
18.05.2005	28
17.05.2005	27.993
16.05.2005	28.01
13.05.2005	27.965
12.05.2005	27.891
11.05.2005	27.858
10.05.2005	27.819
09.05.2005	27.819
06.05.2005	27.819
05.05.2005	27.78
04.05.2005	27.789
03.05.2005	27.828
02.05.2005	27.781
29.04.2005	27.781
28.04.2005	27.803
27.04.2005	27.727
26.04.2005	27.754
25.04.2005	27.749
22.04.2005	27.709
21.04.2005	27.709
20.04.2005	27.74
19.04.2005	27.758
18.04.2005	27.793
15.04.2005	27.914
14.04.2005	27.876
13.04.2005	27.818
12.04.2005	27.783
11.04.2005	27.772
08.04.2005	27.851
07.04.2005	27.803
06.04.2005	27.878
05.04.2005	27.915
04.04.2005	27.895
01.04.2005	27.809
31.03.2005	27.873
30.03.2005	27.85
29.03.2005	27.864
28.03.2005	27.825
25.03.2005	27.706
24.03.2005	27.672
23.03.2005	27.695
22.03.2005	27.575
21.03.2005	27.571
18.03.2005	27.515
17.03.2005	27.486
16.03.2005	27.476
15.03.2005	27.466
14.03.2005	27.484
11.03.2005	27.449
10.03.2005	27.458
09.03.2005	27.551
08.03.2005	27.697
07.03.2005	27.697
04.03.2005	27.697
03.03.2005	27.731
02.03.2005	27.739
01.03.2005	27.685
28.02.2005	27.675
25.02.2005	27.74
24.02.2005	27.745
23.02.2005	27.794
22.02.2005	27.794
21.02.2005	27.933
18.02.2005	27.943
17.02.2005	27.97
16.02.2005	28.002
15.02.2005	28.011
14.02.2005	28.02
11.02.2005	28.076
10.02.2005	28.09
09.02.2005	28.122
08.02.2005	28.195
07.02.2005	28.135
04.02.2005	27.958
03.02.2005	28.015
02.02.2005	27.982
01.02.2005	27.969
31.01.2005	28.02
28.01.2005	28.076
27.01.2005	28.068
26.01.2005	28.026
25.01.2005	28.029
24.01.2005	27.996
21.01.2005	28.075
20.01.2005	28.175
19.01.2005	28.141
18.01.2005	28.125
17.01.2005	28.05
14.01.2005	27.945
13.01.2005	27.9
12.01.2005	27.825
11.01.2005	27.955
10.01.2005	27.81
07.01.2005	27.76
06.01.2005	27.885
05.01.2005	27.881
04.01.2005	27.72
03.01.2005	27.72
31.12.2004	27.72
30.12.2004	27.77
29.12.2004	27.85
28.12.2004	27.795
27.12.2004	27.773
24.12.2004	27.825
23.12.2004	27.828
22.12.2004	27.843
21.12.2004	27.856
20.12.2004	27.915
17.12.2004	27.932
16.12.2004	27.88
15.12.2004	27.859
14.12.2004	27.969
13.12.2004	28.105
10.12.2004	28.105
09.12.2004	28.031
08.12.2004	27.994
07.12.2004	27.888
06.12.2004	27.861
03.12.2004	27.927
02.12.2004	28
01.12.2004	27.938
30.11.2004	28.13
29.11.2004	28.155
26.11.2004	28.314
25.11.2004	28.314
24.11.2004	28.375
23.11.2004	28.495
22.11.2004	28.52
19.11.2004	28.526
18.11.2004	28.545
17.11.2004	28.642
16.11.2004	28.683
15.11.2004	28.684
12.11.2004	28.672
11.11.2004	28.678
10.11.2004	28.681
09.11.2004	28.663
08.11.2004	28.662
05.11.2004	28.663
04.11.2004	28.744
03.11.2004	28.763
02.11.2004	28.778
01.11.2004	28.768
29.10.2004	28.745
28.10.2004	28.762
27.10.2004	28.773
26.10.2004	28.734
25.10.2004	28.863
22.10.2004	28.939
21.10.2004	29.115
20.10.2004	29.115
19.10.2004	29.119
18.10.2004	29.119
15.10.2004	29.114
14.10.2004	29.113
13.10.2004	29.117
12.10.2004	29.121
11.10.2004	29.08
08.10.2004	29.221
07.10.2004	29.218
06.10.2004	29.218
05.10.2004	29.218
04.10.2004	29.188
01.10.2004	29.216
30.09.2004	29.222
29.09.2004	29.218
28.09.2004	29.218
27.09.2004	29.215
24.09.2004	29.216
23.09.2004	29.216
22.09.2004	29.21
21.09.2004	29.215
20.09.2004	29.216
17.09.2004	29.22
16.09.2004	29.227
15.09.2004	29.215
14.09.2004	29.22
13.09.2004	29.216
10.09.2004	29.216
09.09.2004	29.216
08.09.2004	29.219
07.09.2004	29.224
06.09.2004	29.216
03.09.2004	29.218
02.09.2004	29.24
01.09.2004	29.235
31.08.2004	29.262
30.08.2004	29.245
27.08.2004	29.225
26.08.2004	29.222
25.08.2004	29.228
24.08.2004	29.224
23.08.2004	29.217
20.08.2004	29.222
19.08.2004	29.223
18.08.2004	29.236
17.08.2004	29.214
16.08.2004	29.214
13.08.2004	29.247
12.08.2004	29.275
11.08.2004	29.266
10.08.2004	29.252
09.08.2004	29.245
06.08.2004	29.196
05.08.2004	29.206
04.08.2004	29.185
03.08.2004	29.175
02.08.2004	29.142
30.07.2004	29.106
29.07.2004	29.091
28.07.2004	29.085
27.07.2004	29.088
26.07.2004	29.081
23.07.2004	29.082
22.07.2004	29.095
21.07.2004	29.091
20.07.2004	29.089
19.07.2004	29.081
16.07.2004	29.093
15.07.2004	29.083
14.07.2004	29.085
13.07.2004	29.125
12.07.2004	29.125
09.07.2004	29.115
08.07.2004	29.105
07.07.2004	29.075
06.07.2004	28.985
05.07.2004	29.04
02.07.2004	29.02
01.07.2004	29.025
30.06.2004	29.075
29.06.2004	29.04
28.06.2004	29.025
25.06.2004	29.02
24.06.2004	29.02
23.06.2004	29.02
22.06.2004	29.023
21.06.2004	29.04
18.06.2004	29.025
17.06.2004	29.018
16.06.2004	29.02
15.06.2004	29.017
14.06.2004	29.033
11.06.2004	29.023
10.06.2004	29.023
09.06.2004	29.043
08.06.2004	29.033
07.06.2004	29.045
04.06.2004	29.041
03.06.2004	29.07
02.06.2004	29.038
01.06.2004	29.035
31.05.2004	28.99
28.05.2004	29.026
27.05.2004	29.017
26.05.2004	28.978
25.05.2004	28.978
24.05.2004	28.989
21.05.2004	28.977
20.05.2004	28.999
19.05.2004	28.989
18.05.2004	28.997
17.05.2004	29
14.05.2004	29.085
13.05.2004	29.07
12.05.2004	29.08
11.05.2004	28.943
10.05.2004	28.955
07.05.2004	28.955
06.05.2004	28.915
05.05.2004	28.87
04.05.2004	29.005
03.05.2004	29.008
30.04.2004	29.015
29.04.2004	28.965
28.04.2004	28.891
27.04.2004	28.854
26.04.2004	28.902
23.04.2004	28.918
22.04.2004	28.985
21.04.2004	28.865
20.04.2004	28.886
19.04.2004	28.724
16.04.2004	28.648
15.04.2004	28.639
14.04.2004	28.619
13.04.2004	28.64
12.04.2004	28.595
09.04.2004	28.543
08.04.2004	28.508
07.04.2004	28.519
06.04.2004	28.529
05.04.2004	28.547
02.04.2004	28.511
01.04.2004	28.512
31.03.2004	28.519
30.03.2004	28.502
29.03.2004	28.49
26.03.2004	28.508
25.03.2004	28.493
24.03.2004	28.49
23.03.2004	28.489
22.03.2004	28.501
19.03.2004	28.509
18.03.2004	28.516
17.03.2004	28.534
16.03.2004	28.528
15.03.2004	28.501
12.03.2004	28.506
11.03.2004	28.57
10.03.2004	28.58
09.03.2004	28.541
08.03.2004	28.549
05.03.2004	28.549
04.03.2004	28.645
03.03.2004	28.645
02.03.2004	28.545
01.03.2004	28.533
27.02.2004	28.525
26.02.2004	28.532
25.02.2004	28.498
24.02.2004	28.53
23.02.2004	28.503
20.02.2004	28.505
19.02.2004	28.495
18.02.2004	28.486
17.02.2004	28.485
16.02.2004	28.468
13.02.2004	28.444
12.02.2004	28.455
11.02.2004	28.515
10.02.2004	28.445
09.02.2004	28.504
06.02.2004	28.532
05.02.2004	28.537
04.02.2004	28.495
03.02.2004	28.571
02.02.2004	28.597
30.01.2004	28.532
29.01.2004	28.501
28.01.2004	28.477
27.01.2004	28.475
26.01.2004	28.516
23.01.2004	28.511
22.01.2004	28.62
21.01.2004	28.779
20.01.2004	28.743
19.01.2004	28.791
16.01.2004	28.789
15.01.2004	28.879
14.01.2004	28.887
13.01.2004	28.863
12.01.2004	28.902
09.01.2004	28.942
08.01.2004	29.105
07.01.2004	29.235
06.01.2004	29.254
05.01.2004	29.237
02.01.2004	29.24
31.12.2003	29.242
30.12.2003	29.245
29.12.2003	29.415
26.12.2003	29.356
25.12.2003	29.242
24.12.2003	29.243
23.12.2003	29.243
22.12.2003	29.252
19.12.2003	29.285
18.12.2003	29.243
17.12.2003	29.259
16.12.2003	29.251
15.12.2003	29.385
12.12.2003	29.402
11.12.2003	29.402
10.12.2003	29.517
09.12.2003	29.543
08.12.2003	29.561
05.12.2003	29.631
04.12.2003	29.692
03.12.2003	29.695
02.12.2003	29.7
01.12.2003	29.702
28.11.2003	29.74
27.11.2003	29.736
26.11.2003	29.735
25.11.2003	29.738
24.11.2003	29.733
21.11.2003	29.8
20.11.2003	29.805
19.11.2003	29.8
18.11.2003	29.795
17.11.2003	29.797
14.11.2003	29.812
13.11.2003	29.828
12.11.2003	29.851
11.11.2003	29.795
10.11.2003	29.815
07.11.2003	29.78
06.11.2003	29.795
05.11.2003	29.807
04.11.2003	29.867
03.11.2003	29.873
31.10.2003	29.955
30.10.2003	29.992
29.10.2003	29.826
28.10.2003	29.927
27.10.2003	30.044
24.10.2003	29.91
23.10.2003	29.919
22.10.2003	29.921
21.10.2003	29.933
20.10.2003	29.977
17.10.2003	30.053
16.10.2003	30.083
15.10.2003	30.124
14.10.2003	30.145
13.10.2003	30.237
10.10.2003	30.114
09.10.2003	30.141
08.10.2003	30.32
07.10.2003	30.393
06.10.2003	30.45
03.10.2003	30.45
02.10.2003	30.458
01.10.2003	30.537
30.09.2003	30.586
29.09.2003	30.61
26.09.2003	30.517
25.09.2003	30.47
24.09.2003	30.402
23.09.2003	30.465
22.09.2003	30.489
19.09.2003	30.528
18.09.2003	30.584
17.09.2003	30.633
16.09.2003	30.704
15.09.2003	30.688
12.09.2003	30.726
11.09.2003	30.665
10.09.2003	30.65
09.09.2003	30.636
08.09.2003	30.654
05.09.2003	30.681
04.09.2003	30.672
03.09.2003	30.59
02.09.2003	30.59
01.09.2003	30.52
29.08.2003	30.519
28.08.2003	30.492
27.08.2003	30.445
26.08.2003	30.38
25.08.2003	30.322
22.08.2003	30.273
21.08.2003	30.32
20.08.2003	30.315
19.08.2003	30.325
18.08.2003	30.329
15.08.2003	30.325
14.08.2003	30.362
13.08.2003	30.355
12.08.2003	30.379
11.08.2003	30.337
08.08.2003	30.413
07.08.2003	30.345
06.08.2003	30.298
05.08.2003	30.305
04.08.2003	30.32
01.08.2003	30.404
31.07.2003	30.26
30.07.2003	30.262
29.07.2003	30.24
28.07.2003	30.245
25.07.2003	30.286
24.07.2003	30.335
23.07.2003	30.35
22.07.2003	30.337
21.07.2003	30.359
18.07.2003	30.425
17.07.2003	30.445
16.07.2003	30.505
15.07.2003	30.497
14.07.2003	30.495
11.07.2003	30.422
10.07.2003	30.397
09.07.2003	30.379
08.07.2003	30.427
07.07.2003	30.337
04.07.2003	30.305
03.07.2003	30.293
02.07.2003	30.268
01.07.2003	30.282
30.06.2003	30.35
27.06.2003	30.378
26.06.2003	30.327
25.06.2003	30.332
24.06.2003	30.315
23.06.2003	30.385
20.06.2003	30.315
19.06.2003	30.375
18.06.2003	30.382
17.06.2003	30.377
16.06.2003	30.412
13.06.2003	30.505
12.06.2003	30.505
11.06.2003	30.504
10.06.2003	30.605
09.06.2003	30.547
06.06.2003	30.557
05.06.2003	30.609
04.06.2003	30.706
03.06.2003	30.75
02.06.2003	30.665
30.05.2003	30.687
29.05.2003	30.723
28.05.2003	30.622
27.05.2003	30.709
26.05.2003	30.713
23.05.2003	30.715
22.05.2003	30.78
21.05.2003	30.881
20.05.2003	30.885
19.05.2003	30.886
16.05.2003	30.886
15.05.2003	30.978
14.05.2003	30.979
13.05.2003	30.978
12.05.2003	30.981
09.05.2003	31.096
08.05.2003	31.096
07.05.2003	31.099
06.05.2003	31.113
05.05.2003	31.111
02.05.2003	31.112
01.05.2003	31.112
30.04.2003	31.112
29.04.2003	31.102
28.04.2003	31.098
25.04.2003	31.109
24.04.2003	31.099
23.04.2003	31.101
22.04.2003	31.104
21.04.2003	31.101
18.04.2003	31.186
17.04.2003	31.196
16.04.2003	31.19
15.04.2003	31.191
14.04.2003	31.205
11.04.2003	31.277
10.04.2003	31.28
09.04.2003	31.278
08.04.2003	31.276
07.04.2003	31.274
04.04.2003	31.276
03.04.2003	31.287
02.04.2003	31.284
01.04.2003	31.283
31.03.2003	31.379
28.03.2003	31.376
27.03.2003	31.384
26.03.2003	31.379
25.03.2003	31.376
24.03.2003	31.376
21.03.2003	31.387
20.03.2003	31.388
19.03.2003	31.386
18.03.2003	31.416
17.03.2003	31.386
14.03.2003	31.391
13.03.2003	31.377
12.03.2003	31.396
11.03.2003	31.481
10.03.2003	31.551
07.03.2003	31.551
06.03.2003	31.585
05.03.2003	31.583
04.03.2003	31.585
03.03.2003	31.595
28.02.2003	31.576
27.02.2003	31.566
26.02.2003	31.578
25.02.2003	31.63
24.02.2003	31.545
21.02.2003	31.545
20.02.2003	31.517
19.02.2003	31.568
18.02.2003	31.553
17.02.2003	31.561
14.02.2003	31.636
13.02.2003	31.639
12.02.2003	31.633
11.02.2003	31.749
10.02.2003	31.803
07.02.2003	31.831
06.02.2003	31.829
05.02.2003	31.826
04.02.2003	31.831
03.02.2003	31.838
31.01.2003	31.841
30.01.2003	31.826
29.01.2003	31.82
28.01.2003	31.794
27.01.2003	31.796
24.01.2003	31.805
23.01.2003	31.801
22.01.2003	31.809
21.01.2003	31.82
20.01.2003	31.815
17.01.2003	31.821
16.01.2003	31.801
15.01.2003	31.823
14.01.2003	31.832
13.01.2003	31.84
10.01.2003	31.84
09.01.2003	31.888
08.01.2003	31.887
07.01.2003	31.877
06.01.2003	31.877
03.01.2003	31.875
02.01.2003	31.95
01.01.2003	31.95
31.12.2002	31.95
30.12.2002	31.93
27.12.2002	31.825
26.12.2002	31.806
25.12.2002	31.812
24.12.2002	31.81
23.12.2002	31.79
20.12.2002	31.865
19.12.2002	31.852
18.12.2002	31.865
17.12.2002	31.865
16.12.2002	31.854
13.12.2002	31.865
12.12.2002	31.865
11.12.2002	31.865
10.12.2002	31.865
09.12.2002	31.864
06.12.2002	31.865
05.12.2002	31.852
04.12.2002	31.852
03.12.2002	31.852
02.12.2002	31.852
29.11.2002	31.852
28.11.2002	31.868
27.11.2002	31.852
26.11.2002	31.859
25.11.2002	31.863
22.11.2002	31.852
21.11.2002	31.837
20.11.2002	31.836
19.11.2002	31.836
18.11.2002	31.836
15.11.2002	31.836
14.11.2002	31.836
13.11.2002	31.841
12.11.2002	31.84
11.11.2002	31.84
08.11.2002	31.814
07.11.2002	31.814
06.11.2002	31.814
05.11.2002	31.814
04.11.2002	31.814
01.11.2002	31.79
31.10.2002	31.79
30.10.2002	31.756
29.10.2002	31.756
28.10.2002	31.756
25.10.2002	31.756
24.10.2002	31.742
23.10.2002	31.742
22.10.2002	31.742
21.10.2002	31.742
18.10.2002	31.707
17.10.2002	31.707
16.10.2002	31.685
15.10.2002	31.685
14.10.2002	31.685
11.10.2002	31.685
10.10.2002	31.685
09.10.2002	31.685
08.10.2002	31.685
07.10.2002	31.702
04.10.2002	31.7
03.10.2002	31.705
02.10.2002	31.706
01.10.2002	31.725
30.09.2002	31.72
27.09.2002	31.703
26.09.2002	31.665
25.09.2002	31.655
24.09.2002	31.66
23.09.2002	31.65
20.09.2002	31.666
19.09.2002	31.665
18.09.2002	31.664
17.09.2002	31.642
16.09.2002	31.655
13.09.2002	31.66
12.09.2002	31.669
11.09.2002	31.665
10.09.2002	31.657
09.09.2002	31.659
06.09.2002	31.642
05.09.2002	31.639
04.09.2002	31.64
03.09.2002	31.645
02.09.2002	31.613
30.08.2002	31.607
29.08.2002	31.63
28.08.2002	31.595
27.08.2002	31.586
26.08.2002	31.598
23.08.2002	31.597
22.08.2002	31.589
21.08.2002	31.595
20.08.2002	31.575
19.08.2002	31.575
16.08.2002	31.575
15.08.2002	31.61
14.08.2002	31.58
13.08.2002	31.552
12.08.2002	31.58
09.08.2002	31.61
08.08.2002	31.61
07.08.2002	31.58
06.08.2002	31.562
05.08.2002	31.563
02.08.2002	31.582
01.08.2002	31.569
31.07.2002	31.533
30.07.2002	31.508
29.07.2002	31.5
26.07.2002	31.52
25.07.2002	31.54
24.07.2002	31.548
23.07.2002	31.53
22.07.2002	31.55
19.07.2002	31.56
18.07.2002	31.562
17.07.2002	31.573
16.07.2002	31.556
15.07.2002	31.54
12.07.2002	31.567
11.07.2002	31.597
10.07.2002	31.577
09.07.2002	31.577
08.07.2002	31.537
05.07.2002	31.537
04.07.2002	31.54
03.07.2002	31.531
02.07.2002	31.537
01.07.2002	31.522
28.06.2002	31.52
27.06.2002	31.5
26.06.2002	31.48
25.06.2002	31.492
24.06.2002	31.492
21.06.2002	31.512
20.06.2002	31.462
19.06.2002	31.452
18.06.2002	31.44
17.06.2002	31.431
14.06.2002	31.431
13.06.2002	31.425
12.06.2002	31.435
11.06.2002	31.435
10.06.2002	31.447
07.06.2002	31.425
06.06.2002	31.425
05.06.2002	31.41
04.06.2002	31.337
03.06.2002	31.337
31.05.2002	31.337
30.05.2002	31.335
29.05.2002	31.335
28.05.2002	31.335
27.05.2002	31.31
24.05.2002	31.31
23.05.2002	31.3
22.05.2002	31.275
21.05.2002	31.273
20.05.2002	31.273
17.05.2002	31.285
16.05.2002	31.285
15.05.2002	31.267
14.05.2002	31.267
13.05.2002	31.25
10.05.2002	31.24
09.05.2002	31.24
08.05.2002	31.24
07.05.2002	31.24
06.05.2002	31.24
03.05.2002	31.24
02.05.2002	31.24
01.05.2002	31.24
30.04.2002	31.24
29.04.2002	31.217
26.04.2002	31.195
25.04.2002	31.22
24.04.2002	31.185
23.04.2002	31.175
22.04.2002	31.183
19.04.2002	31.183
18.04.2002	31.183
17.04.2002	31.186
16.04.2002	31.195
15.04.2002	31.181
12.04.2002	31.22
11.04.2002	31.218
10.04.2002	31.216
09.04.2002	31.205
08.04.2002	31.22
05.04.2002	31.21
04.04.2002	31.21
03.04.2002	31.21
02.04.2002	31.195
01.04.2002	31.195
29.03.2002	31.212
28.03.2002	31.12
27.03.2002	31.12
26.03.2002	31.155
25.03.2002	31.158
22.03.2002	31.182
21.03.2002	31.182
20.03.2002	31.177
19.03.2002	31.174
18.03.2002	31.102
15.03.2002	31.102
14.03.2002	31.124
13.03.2002	31.102
12.03.2002	31.1
11.03.2002	31.1
08.03.2002	31.027
07.03.2002	31.027
06.03.2002	31.057
05.03.2002	31.027
04.03.2002	31.027
01.03.2002	31.027
28.02.2002	30.962
27.02.2002	30.962
26.02.2002	30.942
25.02.2002	30.957
22.02.2002	30.953
21.02.2002	30.877
20.02.2002	30.877
19.02.2002	30.877
18.02.2002	30.895
15.02.2002	30.877
14.02.2002	30.877
13.02.2002	30.877
12.02.2002	30.877
11.02.2002	30.752
08.02.2002	30.752
07.02.2002	30.752
06.02.2002	30.752
05.02.2002	30.752
04.02.2002	30.74
01.02.2002	30.74
31.01.2002	30.71
30.01.2002	30.71
29.01.2002	30.67
28.01.2002	30.617
25.01.2002	30.617
24.01.2002	30.617
23.01.2002	30.58
22.01.2002	30.595
21.01.2002	30.617
18.01.2002	30.585
17.01.2002	30.585
16.01.2002	30.52
15.01.2002	30.545
14.01.2002	30.475
11.01.2002	30.482
10.01.2002	30.542
09.01.2002	30.55
08.01.2002	30.622
07.01.2002	30.535
04.01.2002	30.535
03.01.2002	30.615
02.01.2002	30.495
31.12.2001	30.495
28.12.2001	30.495
27.12.2001	30.195
26.12.2001	30.195
25.12.2001	30.15
24.12.2001	30.195
21.12.2001	30.195
20.12.2001	30.335
19.12.2001	30.335
18.12.2001	30.335
17.12.2001	30.425
14.12.2001	30.335
13.12.2001	30.335
12.12.2001	30.108
11.12.2001	30.075
10.12.2001	30.075
07.12.2001	30.075
06.12.2001	29.94
05.12.2001	29.947
04.12.2001	29.956
03.12.2001	29.955
30.11.2001	29.94
29.11.2001	29.945
28.11.2001	29.945
27.11.2001	29.945
26.11.2001	29.945
23.11.2001	29.945
22.11.2001	29.96
21.11.2001	29.972
20.11.2001	29.939
19.11.2001	29.837
16.11.2001	29.837
15.11.2001	29.81
14.11.2001	29.765
13.11.2001	29.73
12.11.2001	29.73
09.11.2001	29.73
08.11.2001	29.712
07.11.2001	29.747
06.11.2001	29.738
05.11.2001	29.715
02.11.2001	29.755
01.11.2001	29.764
31.10.2001	29.728
30.10.2001	29.701
29.10.2001	29.705
26.10.2001	29.717
25.10.2001	29.632
24.10.2001	29.586
23.10.2001	29.574
22.10.2001	29.569
19.10.2001	29.557
18.10.2001	29.559
17.10.2001	29.566
16.10.2001	29.542
15.10.2001	29.523
12.10.2001	29.53
11.10.2001	29.543
10.10.2001	29.538
09.10.2001	29.525
08.10.2001	29.493
05.10.2001	29.514
04.10.2001	29.526
03.10.2001	29.503
02.10.2001	29.481
01.10.2001	29.454
28.09.2001	29.462
27.09.2001	29.451
26.09.2001	29.416
25.09.2001	29.436
24.09.2001	29.441
21.09.2001	29.424
20.09.2001	29.43
19.09.2001	29.453
18.09.2001	29.46
17.09.2001	29.461
14.09.2001	29.473